-- ============================================================================
-- LIVE CATALOGUE SEED — GENERATED by scripts/dump-catalogue.ts. Do not edit by hand.
--
-- Contains the real Belle Mare Tours catalogue + every hand-tuned pricing/fare
-- table. Contains NO bookings, payments, customers or other PII.
--
-- Use it for either of:
--   * SEEDING A TEST PROJECT: run supabase/setup.sql first, then this file.
--   * RESTORING the catalogue after an accident.
--
-- ⚠️  THIS FILE REPLACES THE ENTIRE CATALOGUE. It deletes every activity, option,
--     price, image and config row, then re-inserts the ones below. It is safe on a
--     fresh/test database and DESTRUCTIVE on a database whose catalogue you have
--     edited since this dump was taken.
--
--     To prevent an accidental paste into the wrong project it refuses to run
--     unless you opt in FIRST, in the same SQL editor tab:
--
--         set bmt.allow_catalogue_replace = 'yes';
--
-- Availability (session_occurrences) is NOT dumped — it is derived state. The
-- final step rebuilds it from the catalogue, exactly like materialize_availability.
-- ============================================================================

do $guard$
begin
  if coalesce(current_setting('bmt.allow_catalogue_replace', true), '') <> 'yes' then
    raise exception
      'REFUSING TO RUN: this replaces the whole catalogue. If you really mean it (test DB), run:  set bmt.allow_catalogue_replace = ''yes'';  first, in this same tab.';
  end if;
end
$guard$;

begin;

-- --- wipe, children before parents (reverse of the insert order below) -------
-- Bookings/holds go first: booking_items -> session_occurrences is ON DELETE
-- RESTRICT, so leftover test bookings would otherwise block the occurrence wipe.
delete from booking_holds;
delete from bookings;
delete from session_occurrences;

delete from activity_translations;
delete from activity_images;
delete from activity_option_prices;
delete from activity_options;
delete from activities;
delete from categories;
delete from operators;

delete from rental_vehicles;
delete from planner_pricing;
delete from planner_places;
delete from hotel_transfer_fare;
delete from hotel_transfer_config;
delete from airport_transfer_hotels;
delete from airport_transfer_fare;
delete from airport_transfer_config;
delete from region_zone_distance;
delete from transport_band_pricing;
delete from sightseeing_pricing;


-- operators (1 rows)
insert into operators ("id", "name", "slug", "contact_email", "phone", "payout_details", "status", "created_at") values ('bb34e08d-d570-491e-8ff6-ca9d401b2a82', 'Belle Mare Tours', 'belle-mare-tours', NULL, '+230 5772 9919', '{}'::jsonb, 'active', '2026-06-14 22:39:52.369676+00');

-- categories (5 rows)
insert into categories ("id", "name", "slug", "position", "image_url", "status", "created_at") values ('255419d9-6a42-4673-a70b-b8b36a1eb2b3', 'Taxi Sightseeing tours', 'taxi-sightseeing-tours', '0', NULL, 'active', '2026-06-15 21:02:31.023567+00');
insert into categories ("id", "name", "slug", "position", "image_url", "status", "created_at") values ('9152cd9b-fa59-4202-aa0a-c773f2d4cd2c', 'Speedboat Tours', 'speedboat-tours', '1', NULL, 'active', '2026-07-02 16:33:24.722983+00');
insert into categories ("id", "name", "slug", "position", "image_url", "status", "created_at") values ('ef2b0bec-4a6b-4899-840e-39e0c3db2943', 'Catamaran cruises', 'catamaran-cruises', '2', NULL, 'active', '2026-06-15 21:02:31.023567+00');
insert into categories ("id", "name", "slug", "position", "image_url", "status", "created_at") values ('dfb6c6ff-a59f-4a08-89cd-4387182a546f', 'Hiking & Land Adventures', 'hiking-land-adventures', '3', NULL, 'active', '2026-07-05 07:45:34.804618+00');
insert into categories ("id", "name", "slug", "position", "image_url", "status", "created_at") values ('1a9f609e-607e-4376-b121-06b57dd02e55', 'Private Cruises', 'private-cruises', '4', NULL, 'active', '2026-07-08 16:49:56.110951+00');

-- activities (46 rows)
insert into activities ("id", "operator_id", "slug", "type", "title", "summary", "description", "category", "location", "duration_minutes", "meeting_point", "pickup_available", "languages", "inclusions", "exclusions", "highlights", "cancellation_policy", "status", "seo_title", "seo_description", "rating_avg", "rating_count", "created_at", "extra", "daily_capacity", "pricing_mode", "is_custom_planner", "region", "lat", "lng", "min_advance_days", "is_airport_transfer", "is_hotel_transfer", "sort") values ('da49a019-deca-40cf-9de8-d146e24261de', 'bb34e08d-d570-491e-8ff6-ca9d401b2a82', 'airport-transfer', 'transport'::activity_type, 'Airport Transfer', 'Private meet-and-greet transfer between SSR International Airport and your accommodation, 24/7.', NULL, 'Airport transfers', 'Island-wide', '60', 'SSR International Airport (arrivals)', 't', '{en,fr}'::text[], '{Driver,"Luggage assistance"}'::text[], '{}'::text[], '{"Meet & greet",24/7,"Door to door"}'::text[], NULL, 'published'::activity_status, NULL, NULL, NULL, '0', '2026-06-22 15:12:57.852403+00', '{}'::jsonb, '10', 'vehicle', 'f', 'South', '-20.43', '57.68', '0', 't', 'f', '0');
insert into activities ("id", "operator_id", "slug", "type", "title", "summary", "description", "category", "location", "duration_minutes", "meeting_point", "pickup_available", "languages", "inclusions", "exclusions", "highlights", "cancellation_policy", "status", "seo_title", "seo_description", "rating_avg", "rating_count", "created_at", "extra", "daily_capacity", "pricing_mode", "is_custom_planner", "region", "lat", "lng", "min_advance_days", "is_airport_transfer", "is_hotel_transfer", "sort") values ('46812499-46a5-482c-ac5c-b035b02929b3', 'bb34e08d-d570-491e-8ff6-ca9d401b2a82', 'black-river-gorges-hiking', 'activity'::activity_type, 'Black River Gorges Hiking', 'Hike the heart of the Black River Gorges National Park to discover secret waterfalls, endemic wildlife, and panoramic ridge views.', 'Explore with us the heart of the Black River Gorges and be amazed by its hidden treasures that gradually reveal themselves to you. 

The twists and turns of our adventure highlight the splendor of this protected national park and unveil secret waterfalls scented with wild guava flowers, along with the sights and sounds of numerous endemic wildlife and plant species such as the echo parakeet and pink pigeons. 

A must-see for all nature and wildlife enthusiasts. The trail features a ridge ascent that winds around the valley, offering panoramic views of LaTourelle, Île aux Benetiers, and the distant Morne. A challenging and adventurous path that is best suited for our enthusiastic explorers, given the elevation gain, the terrain, the humidity, and the possibility of mud in these conditions.', 'Hiking & Land Adventures', 'Petrin', '180', 'Petrin', 't', '{English,French}'::text[], '{"Professional Guide","Water Included"}'::text[], '{}'::text[], '{"Ridge ascent winding around the valley","Panoramic views of LaTourelle, Île aux Benetiers, and the Morne","Secret waterfalls scented with wild guava flowers","Endemic wildlife such as the echo parakeet and pink pigeons"}'::text[], 'Full Refund up to 24 Hours', 'published'::activity_status, NULL, NULL, NULL, '0', '2026-06-19 20:14:04.421184+00', '{"startWindow": "09:00 - 12:00"}'::jsonb, '10', 'per_person', 'f', 'South', NULL, NULL, '2', 'f', 'f', '0');
insert into activities ("id", "operator_id", "slug", "type", "title", "summary", "description", "category", "location", "duration_minutes", "meeting_point", "pickup_available", "languages", "inclusions", "exclusions", "highlights", "cancellation_policy", "status", "seo_title", "seo_description", "rating_avg", "rating_count", "created_at", "extra", "daily_capacity", "pricing_mode", "is_custom_planner", "region", "lat", "lng", "min_advance_days", "is_airport_transfer", "is_hotel_transfer", "sort") values ('3da3c977-1c1a-4ca4-8aa6-4e5146460df7', 'bb34e08d-d570-491e-8ff6-ca9d401b2a82', 'blue-safari-submarine-subscooter', 'activity'::activity_type, 'Blue Safari Submarine & Subscooter', 'Descend into the depths of the Indian Ocean by submarine or subscooter to explore reefs, corals, marine life and the wreck of ''Le Star Hope''.', 'Gradually discover the underwater world by observing the beauty of the Indian Ocean and its marine life. You will receive a briefing before boarding the submarine from a boat platform. As you descend into the depths, you will explore the reefs, the corals, the local marine wildlife, the wreck of ''Le Star Hope,'' and an ancient anchor from the 17th century at the bottom of the ocean.', 'Sea & water activities', 'Trou Aux Biches Costal Road', '75', 'Trou Aux Biches Costal Road', 't', '{English,French}'::text[], '{"Briefing before boarding","Pick-up and drop-off at all parts of the island"}'::text[], '{"Do not drink if you are going to drive","Arrive at the boarding point at least 15 minutes before the cruise start time"}'::text[], '{"Explore the reefs and corals","Observe local marine wildlife","See the wreck of ''Le Star Hope''","Discover an ancient 17th-century anchor at the bottom of the ocean"}'::text[], 'Full Refund up to 24 Hours', 'published'::activity_status, NULL, NULL, NULL, '0', '2026-06-19 20:14:04.421184+00', '{"startWindow": "09:00"}'::jsonb, '10', 'per_person', 'f', 'North', NULL, NULL, '1', 'f', 'f', '0');
insert into activities ("id", "operator_id", "slug", "type", "title", "summary", "description", "category", "location", "duration_minutes", "meeting_point", "pickup_available", "languages", "inclusions", "exclusions", "highlights", "cancellation_policy", "status", "seo_title", "seo_description", "rating_avg", "rating_count", "created_at", "extra", "daily_capacity", "pricing_mode", "is_custom_planner", "region", "lat", "lng", "min_advance_days", "is_airport_transfer", "is_hotel_transfer", "sort") values ('2d78f6bf-902a-4296-ade4-5fa52a67cc65', 'bb34e08d-d570-491e-8ff6-ca9d401b2a82', 'casela-world-of-adventures', 'activity'::activity_type, 'Casela World of Adventures', 'Day trip to Casela World of Adventures, a 14-hectare nature and leisure park with safaris, zip lines, walking with lions and family activities.', 'Welcome to the adventure world of Casela. Join us for an unforgettable day filled with activities for the whole family! 

Discover a 14-hectare park that opened its doors in 1979 and is currently home to 1,500 birds, lions, zebras, giant tortoises, monkeys, a tiger and many other animals. Visit the dry forest with its century-old trees like the Black Ebony and let your children have fun at the educational farm or our fishing ponds. 

Enjoy the natural beauty of Mauritius with a Quad, Buggy, Segway, or embark on an adventurous hike featuring several zip lines, including the longest zip line in the Indian Ocean, suspension bridges and many other surprises, or go for a walk with real lions. 

For our youngest guests, for those young at heart, for those who need time to disconnect from the bustling city life, and for those wanting to spice up their vacation with a bit of action, the Casela nature and leisure park offers something for everyone! Prices are per vehicle and not per person.', 'Hiking & Land Adventures', 'West Region', '480', 'Casela', 't', '{English,French}'::text[], '{"Visit to Casela World of Adventures park","Access to the park",Tulawaka,"African Safari Truck","Unlimited Pangia Rides"}'::text[], '{"Admission tickets to the park","Wear comfortable shoes","Bring sun protection"}'::text[], '{"14-hectare park with 1,500 animals (birds, lions, zebras, giant tortoises, monkeys, tiger)","Dry forest with century-old Black Ebony trees","Educational farm","Fishing ponds","Quad, Buggy and Segway activities","Hiking with zip lines (longest in the Indian Ocean)","Suspension bridges","Walk with real lions"}'::text[], 'Full Refund up to 24 hours', 'published'::activity_status, NULL, NULL, NULL, '0', '2026-06-19 20:14:04.421184+00', '{"isPrivate": true, "priceList": {"url": "https://dwjkfowhrrvdiqligxcj.supabase.co/storage/v1/object/public/activity-images/casela-world-of-adventures/pricelist-1783241300678-k2tt34.pdf", "label": "Casela Entry Prices"}, "startWindow": "09:00 - 17:00"}'::jsonb, '10', 'per_person', 'f', 'West', NULL, NULL, '2', 'f', 'f', '0');
insert into activities ("id", "operator_id", "slug", "type", "title", "summary", "description", "category", "location", "duration_minutes", "meeting_point", "pickup_available", "languages", "inclusions", "exclusions", "highlights", "cancellation_policy", "status", "seo_title", "seo_description", "rating_avg", "rating_count", "created_at", "extra", "daily_capacity", "pricing_mode", "is_custom_planner", "region", "lat", "lng", "min_advance_days", "is_airport_transfer", "is_hotel_transfer", "sort") values ('9962c783-f94a-41b3-bc9f-db2980aefe6b', 'bb34e08d-d570-491e-8ff6-ca9d401b2a82', 'catamaran-cruise-3-northern-island-adventure', 'activity'::activity_type, 'Catamaran Cruise 3 Northern Island Adventure', 'A full day from Grand Baie exploring Île Plate with lagoon snorkeling, a gourmet lunch on board, relaxation at Île aux Gabriel, and sunset views of Coin de Mire.', 'Depart from Grand Baie for a full day exploring Île Plate. Enjoy crystal-clear lagoon snorkeling with incredible fish and coral varieties. A gourmet lunch is prepared on the spacious catamaran, followed by relaxation at Île aux Gabriel. The day concludes with sunset views of Coin de Mire''s spectacular cliffs.', 'Catamaran cruises', 'Grand Baie, Sunset Boulevard', '480', 'Grand Baie', 't', '{English,French}'::text[], '{"Lunch with salads","Garlic butter bread","Grilled chicken/fish/sausage","Water, Coke, beer, wine, local rum","Flaming banana","Fruit salads",Snorkeling}'::text[], '{"Do not drink if you are going to drive","Arrive 15 minutes before departure","Own transport users must find directions on Google Maps"}'::text[], '{"Île Plate (Northern Region)","Ile Aux Gabriel (Northern Region)","Coin de Mire (Northern Region)","Snorkeling (Northern Region)"}'::text[], 'Full refund up to 24 hours', 'published'::activity_status, NULL, NULL, NULL, '0', '2026-06-19 20:14:04.421184+00', '{"itinerary": [{"area": null, "tags": [], "title": "Grand Baie, Sunset Boulevard", "description": "Departure"}, {"area": null, "tags": [], "title": "Gabriel Island", "description": "Visit"}, {"area": null, "tags": [], "title": "Flat Island", "description": null}, {"area": null, "tags": [], "title": "Gunner''s Quoin", "description": "Snorkeling"}]}'::jsonb, '10', 'per_person', 'f', 'North', NULL, NULL, '2', 'f', 'f', '0');
insert into activities ("id", "operator_id", "slug", "type", "title", "summary", "description", "category", "location", "duration_minutes", "meeting_point", "pickup_available", "languages", "inclusions", "exclusions", "highlights", "cancellation_policy", "status", "seo_title", "seo_description", "rating_avg", "rating_count", "created_at", "extra", "daily_capacity", "pricing_mode", "is_custom_planner", "region", "lat", "lng", "min_advance_days", "is_airport_transfer", "is_hotel_transfer", "sort") values ('59d694e1-e076-4cec-b761-b462687e26a0', 'bb34e08d-d570-491e-8ff6-ca9d401b2a82', 'catamaran-cruise-ile-aux-cerfs', 'activity'::activity_type, 'Catamaran Cruise – Ile Aux Cerfs', 'A full-day catamaran cruise from Trou D''eau Douce visiting the Grand River South East Waterfall, snorkeling, a BBQ lunch on board, and Ile aux Cerfs.', 'Enjoy a full-day catamaran cruise departing from Trou D''eau Douce on Mauritius''s east coast. 

The experience includes visiting the spectacular Grand River South East Waterfall, snorkeling in crystal-clear waters, and enjoying a BBQ lunch with beverages onboard. 

Guests then travel to Ile aux Cerfs to admire palm trees and white beaches framed by turquoise water, with time to relax on sandy beaches and swim in the lagoon.', 'Catamaran cruises', 'Trou D''eau Douce', '420', 'Trou D''eau Douce', 't', '{English,French}'::text[], '{"Salads and garlic butter bread","BBQ items: chicken, fish, sausage","Beverages: water, Coke, beer, wine, local rum","Dessert: flaming banana",Snorkeling}'::text[], '{"Guests using own transport must not drink if driving","Arrive at boarding point at least 15 minutes before the cruise start time"}'::text[], '{"Ile aux Cerfs (Eastern Region)","GRSE Waterfall (Eastern Region)","Snorkeling (Eastern Region)","BBQ lunch on boat"}'::text[], 'Full refund up to 24 Hours', 'published'::activity_status, NULL, NULL, NULL, '0', '2026-06-19 20:14:04.421184+00', '{"itinerary": [{"area": null, "tags": [], "title": "Trou D''eau Douce", "description": "Departure"}, {"area": null, "tags": [], "title": "G.R.S.E Waterfall", "description": "Visit sightseeing,Photo"}, {"area": null, "tags": [], "title": "Ile aux cerfs", "description": "Snorkeling,Lunch on board"}, {"area": null, "tags": [], "title": "Ile aux  cerfs", "description": "visit to the island"}], "startWindow": "09:00"}'::jsonb, '10', 'per_person', 'f', 'East', NULL, NULL, '0', 'f', 'f', '0');
insert into activities ("id", "operator_id", "slug", "type", "title", "summary", "description", "category", "location", "duration_minutes", "meeting_point", "pickup_available", "languages", "inclusions", "exclusions", "highlights", "cancellation_policy", "status", "seo_title", "seo_description", "rating_avg", "rating_count", "created_at", "extra", "daily_capacity", "pricing_mode", "is_custom_planner", "region", "lat", "lng", "min_advance_days", "is_airport_transfer", "is_hotel_transfer", "sort") values ('177e8323-a359-4233-852a-c3a7ae083759', 'bb34e08d-d570-491e-8ff6-ca9d401b2a82', 'catamaran-sunset-cruise', 'activity'::activity_type, 'Catamaran Sunset Cruise', 'Sail peacefully through the stunning sunset over Grand Bay on a beautiful catamaran while relaxing with a refreshing cocktail.', 'Sail peacefully through the stunning sunset over Grand Bay on a beautiful catamaran while relaxing with a refreshing cocktail. The sunsets on the northwest coast of Mauritius are legendary, and the best way to experience them is from the ocean. 

The cruise allows visitors to enjoy the splendor of the historic town of Grand Bay and sail towards Coin de Mire with its spectacular sea cliffs, offering breathtaking views of other northern islands and Mauritius''s central mountain range. 

The catamaran features spacious outdoor areas on the deck, front, and back, specially designed for sunset viewing, photography, and socializing. It includes a bar, high-end audio system, and refined music collection.', 'Catamaran cruises', 'North - Grand Baie', '120', 'Grand Baie', 't', '{English,French}'::text[], '{"Cocktail Cruise: Canapés (tuna, shrimp, smoked fish)","Peanuts, chips","Wine Cocktails (white, rosé)","Beer, Rum","Non-alcoholic drinks","Mineral water","Dinner Cruise: Selection of canapés and snacks","Baby seat available free on request"}'::text[], '{"Transportation to/from boarding point (available separately)","Please, do not drink if you are going to drive!","Arrive at boarding point at least 15 minutes before cruise start time"}'::text[], '{"Grand Baie (Northern Region)","Gunner''s Coin / Coin de Mire (Northern Region) - spectacular cliffs with an explosion of color","Sunset viewing over the northwest coast","Sail past Fort Malarctic and Cap Malheureux"}'::text[], 'Full Refund up to 24 hours', 'published'::activity_status, NULL, NULL, NULL, '0', '2026-06-19 20:14:04.421184+00', '{}'::jsonb, '10', 'per_person', 'f', 'North', NULL, NULL, '3', 'f', 'f', '0');
insert into activities ("id", "operator_id", "slug", "type", "title", "summary", "description", "category", "location", "duration_minutes", "meeting_point", "pickup_available", "languages", "inclusions", "exclusions", "highlights", "cancellation_policy", "status", "seo_title", "seo_description", "rating_avg", "rating_count", "created_at", "extra", "daily_capacity", "pricing_mode", "is_custom_planner", "region", "lat", "lng", "min_advance_days", "is_airport_transfer", "is_hotel_transfer", "sort") values ('4ffb45b2-365d-4884-afbc-84aca75de00f', 'bb34e08d-d570-491e-8ff6-ca9d401b2a82', 'catapseed-5-islands', 'activity'::activity_type, 'Cataspeed 5 Islands', 'Discover the stunning east coast of Mauritius with visits to the Grand River South East Waterfall, five beautiful islands, and incredible snorkeling in crystal-clear lagoons. Enjoy breathtaking scenery, spot vibrant marine life, and relax on an unforgettable CataSpeed cruise.', 'Your full-day cruise begins at the public jetty in Trou d''Eau Douce, where you''ll meet the crew before setting off to discover the stunning east coast of Mauritius. 

The adventure starts with a visit to the famous Grand River South East Waterfall, followed by a scenic cruise past lush forests, where you may spot monkeys, bats, and the iconic white-tailed tropicbird. 

Continue exploring the beautiful offshore islands, including Flamingo Island, the historic Lighthouse Island (Île aux Fouquets), and Île de la Passe. Enjoy time to snorkel in the crystal-clear waters near Île aux Aigrettes and the renowned Eau Bleue, home to vibrant tropical marine life. 

Around midday, relax on board as you indulge in a delicious BBQ lunch featuring fresh salads, grilled chicken, fish, sausages, and dessert while anchored in calm waters. 

After lunch, spend free time on the world-famous Île aux Cerfs, where you can swim, relax on the white sandy beaches, or simply soak up the tropical paradise before cruising back to Trou d''Eau Douce in the afternoon with unforgettable memories of your day at sea.', 'Private Cruises', 'Trou D''eau Douce', '480', 'Route Royale Maho, Trou d''Eau Douce', 't', '{English,French}'::text[], '{Lunch,Drinks,"Visit ile aux cerfs","Visit GRSE waterfalls","Visit lighthouse island (ile aux fouquets)","Snorkeling gear available","Professional Crew","Vegetarian/gluten free meals available on request"}'::text[], '{"Pick-Up/Drop-off at additional cost","Water Activities not included(e.g: parasailing etc...)"}'::text[], '{"Grande Rivière Sud-Est (GRSE) waterfall","Snorkeling among coral gardens and tropical fish at Eau Bleue","Île aux Aigrettes (Southeast Region)","Île aux Prison (Southeast Region)","Île Phare / Île aux Phare (Southeast Region)","Beaches of northern Île aux Cerfs and the turquoise lagoon","BBQ lunch on board"}'::text[], 'Free cancellation up to 24 hours before your activity for a full refund.', 'published'::activity_status, NULL, NULL, NULL, '0', '2026-07-08 17:23:58.153099+00', '{"isPrivate": true, "itinerary": [{"area": null, "tags": [], "title": "Route Royale Maho, Trou d''Eau Douce", "description": "Departure"}, {"area": null, "tags": ["Sightseeing", "Pass By", "Scenic view"], "title": "Grand River South East", "description": null}, {"area": null, "tags": ["Sightseeing", "Snorkeling", "Swimming", "Marine life viewing"], "title": "Fouquets Island", "description": "Secret spot"}, {"area": null, "tags": ["Sightseeing"], "title": "Île de la Passe", "description": null}, {"area": null, "tags": ["Break time", "Photo stop", "Drink", "Swimming"], "title": "Aigrette Island", "description": null}, {"area": null, "tags": ["Photo Stop", "Visit", "Boat Cruise", "Walk", "Swimming", "Scenic view on the way"], "title": "Île aux Cerfs", "description": null}], "startWindow": "09:00"}'::jsonb, '20', 'per_group', 'f', 'East', NULL, NULL, '2', 'f', 'f', '1');
insert into activities ("id", "operator_id", "slug", "type", "title", "summary", "description", "category", "location", "duration_minutes", "meeting_point", "pickup_available", "languages", "inclusions", "exclusions", "highlights", "cancellation_policy", "status", "seo_title", "seo_description", "rating_avg", "rating_count", "created_at", "extra", "daily_capacity", "pricing_mode", "is_custom_planner", "region", "lat", "lng", "min_advance_days", "is_airport_transfer", "is_hotel_transfer", "sort") values ('6e06520e-4032-4b08-b91e-0bfc76d442b0', 'bb34e08d-d570-491e-8ff6-ca9d401b2a82', 'chamarel-tour', 'activity'::activity_type, 'Chamarel Adventure Tour', 'A private day tour through Chamarel and the south-west, taking in the Trou aux Cerfs crater, Grand Bassin sacred lake, Black River Gorges, the Seven Coloured Earths, Chamarel Waterfall and rum factory, and Le Morne viewpoint.', 'Discover the beauty and charm of Chamarel with this adventure tour offering natural wonders including Grand Bassin Spiritual Lake, the enchanting Seven-Coloured Earth, the majestic Chamarel Waterfall, and the Chamarel Rum Factory. The experience provides breathtaking views of Black River Gorges and Le Morne Mountain. The journey begins at the dormant Trou aux Cerfs Volcano Crater in Curepipe, offering panoramic vistas. Next is Grand Bassin (Ganga Talao), a sacred lake with the impressive Lord Shiva statue, providing spiritual significance and cultural insights. Alexandra Waterfall is a serene spot with abundant natural surroundings. Black River Gorges presents lush greenery, endemic flora and fauna, scenic trails with waterfalls and deep valleys. The Seven Coloured Earths showcase multi-colored volcanic sand in shades from deep red to vibrant blue. Chamarel Waterfall is Mauritius'' highest waterfall cascading into a lush gorge. Rhumerie de Chamarel provides rum-making education with tastings of locally crafted spirits. The tour concludes at the Benitiers Island and Le Morne Mountain viewpoint, offering sweeping ocean and mountain vistas reflecting Mauritius'' essence.', 'Taxi Sightseeing tours', NULL, '420', NULL, 't', '{English,French}'::text[], '{"Pick up and drop off from any hotel or Airbnb in Mauritius","Private transportation to all the sights mentioned","An English/French-speaking driver to guide you and provide information"}'::text[], '{"Entry ticket fees (Seven Coloured Earth Geopark, Rum Factory)",Lunch}'::text[], '{"Trou aux Cerfs Volcano Crater (Curepipe)","Grand Bassin (Ganga Talao)","Alexandra Falls & Black River Gorges","Seven Coloured Earth of Chamarel","Chamarel Waterfall","Chamarel Rum Factory (Visit & Tasting)","Benitiers Island & Le Morne Mountain Viewpoint"}'::text[], NULL, 'draft'::activity_status, NULL, NULL, NULL, '0', '2026-06-19 20:14:04.421184+00', '{}'::jsonb, NULL, 'vehicle', 'f', NULL, NULL, NULL, '1', 'f', 'f', '0');
insert into activities ("id", "operator_id", "slug", "type", "title", "summary", "description", "category", "location", "duration_minutes", "meeting_point", "pickup_available", "languages", "inclusions", "exclusions", "highlights", "cancellation_policy", "status", "seo_title", "seo_description", "rating_avg", "rating_count", "created_at", "extra", "daily_capacity", "pricing_mode", "is_custom_planner", "region", "lat", "lng", "min_advance_days", "is_airport_transfer", "is_hotel_transfer", "sort") values ('1172d187-6f22-488d-bb76-ba8c6a4715c7', 'bb34e08d-d570-491e-8ff6-ca9d401b2a82', 'cultural-north-tour', 'activity'::activity_type, 'Mauritius Cultural Tour', 'A relaxed private tour of northern Mauritius covering the L''Aventure du Sucre sugar museum, Chateau de Labourdonnais, Grand Baie, the Red Church of Cap Malheureux, Pamplemousses Botanical Garden, and the Pereybere and Bain Boeuf beaches.', 'Discover the cultural treasures of northern Mauritius through this relaxed private journey exploring historic estates, tropical gardens, charming coastal villages, and beautiful beaches. The tour visits L''Aventure du Sucre Museum and Chateau de Labourdonnais, followed by the seaside atmosphere of Grand-Baie and the iconic Red Church of Cap Malheureux. You''ll stroll through the lush Pamplemousses Botanical Garden and unwind at Pereybere and Bain Boeuf Beach. With private transport and a friendly local driver, this tour blends culture, history, and coastal beauty. The experience is flexible and personalized, allowing you to explore at your own pace.', 'Taxi Sightseeing tours', NULL, '330', NULL, 't', '{English,French}'::text[], '{"Pick up and drop off from any hotel or Airbnb''s in Mauritius","Private transportation to all the sights mentioned above","A friendly English/French-speaking driver to guide you and provide information","First child seat free of charge (upon request)"}'::text[], '{"Entry ticket fees to places such as the sugar museum, the chateau & the botanical garden",Lunch}'::text[], '{"L''Aventure du Sucre Sugar Museum","Chateau de Labourdonnais","Grand Bay Beach & Village","Red Church of Cap Malheureux","SSR (Pamplemousses) Botanical Garden","Pereybere & Bain Boeuf Beach"}'::text[], NULL, 'draft'::activity_status, NULL, NULL, NULL, '0', '2026-06-19 20:14:04.421184+00', '{}'::jsonb, NULL, 'vehicle', 'f', NULL, NULL, NULL, '1', 'f', 'f', '0');
insert into activities ("id", "operator_id", "slug", "type", "title", "summary", "description", "category", "location", "duration_minutes", "meeting_point", "pickup_available", "languages", "inclusions", "exclusions", "highlights", "cancellation_policy", "status", "seo_title", "seo_description", "rating_avg", "rating_count", "created_at", "extra", "daily_capacity", "pricing_mode", "is_custom_planner", "region", "lat", "lng", "min_advance_days", "is_airport_transfer", "is_hotel_transfer", "sort") values ('4c1ec0a9-00ce-49d6-8554-da65bf3a74c6', 'bb34e08d-d570-491e-8ff6-ca9d401b2a82', 'custom-road-trip', 'activity'::activity_type, 'Custom Road Trip', 'Design your own day across Mauritius with the AI planner — one flat price per vehicle.', NULL, 'Taxi Sightseeing tours', NULL, '480', NULL, 't', '{}'::text[], '{}'::text[], '{}'::text[], '{}'::text[], NULL, 'published'::activity_status, NULL, NULL, NULL, '0', '2026-06-17 22:31:27.128993+00', '{}'::jsonb, '10', 'vehicle_custom', 't', NULL, NULL, NULL, '1', 'f', 'f', '0');
insert into activities ("id", "operator_id", "slug", "type", "title", "summary", "description", "category", "location", "duration_minutes", "meeting_point", "pickup_available", "languages", "inclusions", "exclusions", "highlights", "cancellation_policy", "status", "seo_title", "seo_description", "rating_avg", "rating_count", "created_at", "extra", "daily_capacity", "pricing_mode", "is_custom_planner", "region", "lat", "lng", "min_advance_days", "is_airport_transfer", "is_hotel_transfer", "sort") values ('268a885f-c018-452e-add8-9cf72ecc2f60', 'bb34e08d-d570-491e-8ff6-ca9d401b2a82', 'deep-sea-fishing', 'activity'::activity_type, 'Deep Sea fishing', 'Fish for Blue Marlin, Dorado and other big game under the guidance of experienced skippers on well-equipped modern boats.', 'Whether you are a beginner or an expert, you will enjoy fishing for a Blue Marlin, a Dorado, or other large fish under the guidance of experienced skippers. The modern boats designed for deep-sea fishing are well equipped. 

The minimum rental duration is 6 hours, and a boat can be shared by a maximum of three anglers. The boats operate from the north, west, and east coasts. You will sail along the reef and observe the corals up close, explore the rich local marine life.', 'Sea & water activities', 'West', '480', 'Black River', 't', '{English,French}'::text[], '{"Experienced skipper guidance","Modern, well-equipped boats","Access to three departure locations (north, west, east coasts)","Drinks included (Beer, soft drinks & water)"}'::text[], '{}'::text[], '{"Fish for Blue Marlin, Dorado and other large fish","Sail along the reef and observe corals up close","Explore local marine life"}'::text[], 'Cancel before 24hours for a full refund', 'published'::activity_status, NULL, NULL, NULL, '0', '2026-06-19 20:14:04.421184+00', '{}'::jsonb, '10', 'per_group', 'f', 'West', NULL, NULL, '3', 'f', 'f', '0');
insert into activities ("id", "operator_id", "slug", "type", "title", "summary", "description", "category", "location", "duration_minutes", "meeting_point", "pickup_available", "languages", "inclusions", "exclusions", "highlights", "cancellation_policy", "status", "seo_title", "seo_description", "rating_avg", "rating_count", "created_at", "extra", "daily_capacity", "pricing_mode", "is_custom_planner", "region", "lat", "lng", "min_advance_days", "is_airport_transfer", "is_hotel_transfer", "sort") values ('56e84f5b-ac60-486c-8937-3aee22812365', 'bb34e08d-d570-491e-8ff6-ca9d401b2a82', 'encountering-the-whales-and-swim-with-dolphins-excursion', 'activity'::activity_type, 'Encountering the Whales and swim with Dolphins excursion', 'A West coast boat excursion to admire humpback or sperm whales and snorkel with dolphins, under the supervision of professional skippers and crew.', 'A unique experience creating memories to last for a lifetime! Immerse yourself in the adventure of a lifetime which will bring you into contact with strikingly beautiful scenery, unspoiled landscapes and wonderful marine animals. 

On the West coast of Mauritius, we offer a large selection of trips, both on a shared basis and private basis. All the activities are done under the instructions and supervision of professional skippers and crew members while respecting and protecting the aquatic life and natural environment. The first part of this excursion will give you the opportunity to admire the biggest and largest marine animal. Either the humpback whales or the sperm whales these cetaceans remain wild and unpredictable, so it is not 100% guaranteed to meet them, just like dolphins but our dedicated crew members most of time do their best to make our guests enjoy an unforgettable and a lifetime memory.

 After this pure moment of happiness, it will be time to search for the joyful, playful, intelligent and charming Dolphins. A briefing about the rules to respect concerning the approach, as well as all safety measures will be given by the boat captain or crew members before getting into the water. 

Then you will enjoy the magical snorkeling moment with one of the most fantastic creatures under the supervision of an instructor. While cruising back depending on the time remaining, the boat trip may continue at the Aquarium, a magical snorkeling site to discover and enjoy the Mauritian aquatic life. Then the boat will be heading back to the shore where your journey will end happily thinking of your most recent encounter.', 'Speedboat Tours', 'Tamarin', '240', 'Tamarin', 't', '{English,French}'::text[], '{"Professional skipper and crew supervision","Complimentary refreshments (water and soft drinks)"}'::text[], '{"Children under 12 must be accompanied by an adult"}'::text[], '{"Admire humpback or sperm whales","Return to shore","Swim with spinner and bottlenose dolphins in their natural environment"}'::text[], 'Full refund up to 24 hours', 'published'::activity_status, NULL, NULL, NULL, '0', '2026-06-19 20:14:04.421184+00', '{}'::jsonb, NULL, 'per_person', 'f', 'West', NULL, NULL, '3', 'f', 'f', '0');
insert into activities ("id", "operator_id", "slug", "type", "title", "summary", "description", "category", "location", "duration_minutes", "meeting_point", "pickup_available", "languages", "inclusions", "exclusions", "highlights", "cancellation_policy", "status", "seo_title", "seo_description", "rating_avg", "rating_count", "created_at", "extra", "daily_capacity", "pricing_mode", "is_custom_planner", "region", "lat", "lng", "min_advance_days", "is_airport_transfer", "is_hotel_transfer", "sort") values ('bfb6c5df-ccdc-4090-bd86-a1b7491c35b6', 'bb34e08d-d570-491e-8ff6-ca9d401b2a82', 'flat-island-gabriel-island-and-the-gunners-coin-by-speedboat-exclusive-basis-only', 'activity'::activity_type, 'Full Day 3 Northern Island Speed Boat with Lunch(BBQ)', 'A private speedboat day trip from Grand Bay to Flat Island, Gabriel Island and Gunner''s Coin, with snorkeling, BBQ lunch and beverages.', 'A private day trip by speedboat to visit three northern islands of Mauritius. Departure is from Grand Bay, with an approximately 45-minute journey to Flat Island for relaxation and snorkeling in the lagoons. 

Tropical fauna and flora await discovery both in the water and on the island. After a BBQ lunch, the boat proceeds to Gabriel Island for exploration. A final snorkeling session takes place near Gunner''s Coin, one of the most beautiful diving spots off the north of Mauritius.', 'Speedboat Tours', 'Grand Bay', '420', 'Grand Bay', 't', '{English,French}'::text[], '{"Salads and garlic butter bread","BBQ: chicken, fish, sausage","Beverages: water, Coke, beer, wine, local rum","Dessert: flaming banana","Snorkeling sessions","Pick-up and drop-off available across the island"}'::text[], '{"Do not drink if you are going to drive","Arrive at least 15 minutes before the cruise start time"}'::text[], '{"Flat Island: relaxation, snorkeling and BBQ lunch","Gabriel Island: island exploration","Gunner''s Coin: snorkeling at one of the most beautiful diving spots off the north of Mauritius"}'::text[], 'Full refund up to 24 hours', 'published'::activity_status, NULL, NULL, NULL, '0', '2026-06-19 20:14:04.421184+00', '{}'::jsonb, '10', 'per_person', 'f', 'North', NULL, NULL, '3', 'f', 'f', '0');
insert into activities ("id", "operator_id", "slug", "type", "title", "summary", "description", "category", "location", "duration_minutes", "meeting_point", "pickup_available", "languages", "inclusions", "exclusions", "highlights", "cancellation_policy", "status", "seo_title", "seo_description", "rating_avg", "rating_count", "created_at", "extra", "daily_capacity", "pricing_mode", "is_custom_planner", "region", "lat", "lng", "min_advance_days", "is_airport_transfer", "is_hotel_transfer", "sort") values ('419bcd80-9ba2-4cc8-adbe-db96d89831d2', 'bb34e08d-d570-491e-8ff6-ca9d401b2a82', 'helicotour', 'activity'::activity_type, 'Helicopter Tour of Mauritius', 'Discover Mauritius from above on a private helicopter flight departing from the Triolet base in the north, with three packages from a short scenic hop to a full island tour.', 'THE MUST (departing from Triolet, North): A short flight and memories forever etched in your mind. The route departing from the Triolet base includes a flyover of the northern landscapes and islets. Enjoy the bustling life of Grand-Baie seen from above and the boats lined up near the golden sand beach. Then fly over Coin de Mire, which dominates the north coast, and Ile Plate, home to various species of reptiles. The flight ends with a magnificent stretch over Ile d''Ambre, where the famous Saint-Geran was shipwrecked and which was the setting of Paul et Virginie by Bernardin de Saint-Pierre.

THE MAGIC (departing from Triolet, North): Discover beautiful panoramas of Mauritius by flying over the island for 40 minutes with our exclusive Le Magique experience. The adventure begins with a majestic take-off from our base in Triolet, where our dedicated team gives you the warmest of welcomes. Enjoy a moment of relaxation in our elegant lounge, followed by a complete flight briefing for an unforgettable experience. Then embark on a fascinating aerial excursion that will reveal the hidden treasures of Mauritius. Admire the breathtaking view of Port-Louis, fly over the iconic silos of the Moulin de la Concorde, watch the ships filling the capital, marvel at the vast green spaces and crystal-clear lagoon, discover Ile aux Benitiers and contemplate the majestic Albion lighthouse that proudly dominates its surroundings. An unforgettable experience awaits you, ready to transform your vision of Mauritius forever. If you are wondering which is that majestic mountain where the tropicbirds live, it is the Morne Brabant! Do not miss the Underwater Waterfall and admire the magnificent colours of Chamarel. Relax on the white sand beaches of Ile aux Cerfs and enjoy the tropical sun while sipping a refreshing cocktail. Explore the Riviere-Noire gorges to discover the beauty of raw nature, then admire the Tamarin waterfalls hidden in an endemic forest. Dive into the crystal-clear waters of Blue Bay Marine Park for an unforgettable diving experience among the corals and colourful fish. Approach Le Pieter Both, a mountain linked to a famous legend, before ending your journey with a breathtaking flyover with Corail Helicopteres! Do not forget to taste the delights of local Mauritian cuisine, such as chicken curry and spicy samosas, for an authentic culinary experience.

THE EXCELLENCE (departing from Triolet, North): You will circle around Pieter Both and Le Pouce to get your adventure off to a great start. Then admire the beautiful panorama of the Tamarin Waterfall in the middle of a verdant forest and rocks sculpted by Mother Nature. You will also feel as if you are flying with the tropicbirds as you approach the Riviere-Noire Gorges. After a detour to Ile aux Benitiers, capture the Underwater Waterfall near Morne Brabant, listed as a UNESCO heritage site. You may wonder whether the rainbow has fallen when you fly over Chamarel. The magic is always present here! Have you ever seen an islet in the middle of a lake? Live this unique experience at Ganga Talao. Do not forget to take a look at the crater of the sleeping Kanaka volcano in Mauritius. As you approach the island, fly over Ile aux Cerfs in the east, then head back north passing over Ile d''Ambre and Ile Plate, famous for its artistically patterned chameleons! Near Cap Malheureux lies Le Coin de Mire, visible from our base if the clouds allow! This is Mauritius in all its splendour!', 'Air activities', 'Triolet base (North), Mauritius. Belle Mare Tours Ltd, Royal Road, Belle Mare, Mauritius. Directions to the boarding point are available on Google Maps.', '25', NULL, 't', '{English,French}'::text[], '{"Scenic aerial flight (itinerary depending on the package)","Complete flight briefing (The Magic)","Access to the elegant lounge (The Magic)"}'::text[], '{"Transport is optional (do not drink if you are going to drive)"}'::text[], '{"The Must: flyover of the northern landscapes and islets, Grand-Baie, Coin de Mire, Ile Plate, Ile d''Ambre (site of the Saint-Geran shipwreck)","The Magic: Port-Louis, Moulin de la Concorde, Ile aux Benitiers, Morne Brabant, the Underwater Waterfall, Chamarel, Ile aux Cerfs, Riviere-Noire, the Tamarin waterfalls, Blue Bay Marine Park, Pieter Both","The Excellence: Pieter Both, Le Pouce, Tamarin Waterfall, Riviere-Noire Gorges, Ile aux Benitiers, the Underwater Waterfall, Morne Brabant, Chamarel, Ganga Talao, the Kanaka volcano crater, Ile aux Cerfs, Ile d''Ambre, Ile Plate, Cap Malheureux, Coin de Mire"}'::text[], NULL, 'draft'::activity_status, NULL, NULL, NULL, '0', '2026-06-19 20:14:04.421184+00', '{}'::jsonb, NULL, 'per_person', 'f', 'North', NULL, NULL, '1', 'f', 'f', '0');
insert into activities ("id", "operator_id", "slug", "type", "title", "summary", "description", "category", "location", "duration_minutes", "meeting_point", "pickup_available", "languages", "inclusions", "exclusions", "highlights", "cancellation_policy", "status", "seo_title", "seo_description", "rating_avg", "rating_count", "created_at", "extra", "daily_capacity", "pricing_mode", "is_custom_planner", "region", "lat", "lng", "min_advance_days", "is_airport_transfer", "is_hotel_transfer", "sort") values ('d4dcc848-ef41-4f8f-85db-14bbd3803a2c', 'bb34e08d-d570-491e-8ff6-ca9d401b2a82', 'hiking-at-the-tamarind-falls-7-cascade', 'activity'::activity_type, 'Hiking At The Tamarind Falls / 7 Cascade', 'Guided hike to Tamarind Falls (7 Cascades), the highest waterfall in Mauritius, through plateaus rich in plants and exotic birds.', '7 Cascades, also known as Tamarind Falls, is located near the small village of Henrietta, on the high plateaus of Mauritius, and its source originates from Rivière Tamarin. The 7 Cascades measure 293 meters/961 feet, making it the highest waterfall in Mauritius. 

You can find a wide variety of plants and exotic birds in this peaceful and enchanting location. It is recommended to be accompanied by a guide who will assist you during the hike as there are not many precise trails to follow.', 'Hiking & Land Adventures', 'Centre', NULL, 'Henrietta', 't', '{English,French}'::text[], '{"Professional Guide","Water included"}'::text[], '{"Bring water","Comfortable hiking shoes","Sunscreen and mosquito repellent","In case you want to go swimming, bring your swimsuits and towels too"}'::text[], '{"Tamarind Falls (7 Cascades), the highest waterfall in Mauritius at 293 meters / 961 feet","Wide variety of plants and exotic birds","Peaceful and enchanting location on the high plateaus","Optional swimming"}'::text[], 'Full Refund up to 24 hours', 'published'::activity_status, NULL, NULL, NULL, '0', '2026-06-19 20:14:04.421184+00', '{"startWindow": "08:00 - 12:00"}'::jsonb, '10', 'per_person', 'f', 'West', NULL, NULL, '1', 'f', 'f', '0');
insert into activities ("id", "operator_id", "slug", "type", "title", "summary", "description", "category", "location", "duration_minutes", "meeting_point", "pickup_available", "languages", "inclusions", "exclusions", "highlights", "cancellation_policy", "status", "seo_title", "seo_description", "rating_avg", "rating_count", "created_at", "extra", "daily_capacity", "pricing_mode", "is_custom_planner", "region", "lat", "lng", "min_advance_days", "is_airport_transfer", "is_hotel_transfer", "sort") values ('4dc413ac-04ef-433b-b0c3-b93b224c6e05', 'bb34e08d-d570-491e-8ff6-ca9d401b2a82', 'hiking-le-morne', 'activity'::activity_type, 'Hiking Le Morne', 'Climb the UNESCO World Heritage Le Morne mountain to its ''V'' summit for spectacular views of turquoise lagoons and lush mountain ranges.', 'Discover the beauty and majesty of Morne Mountain as you climb from its base to the peak of the ''V'' summit while enjoying the spectacular landscape. 

Reach out and touch the clouds while marveling at the magnificence of the turquoise lagoons and lush mountain ranges that stretch out before you as you effortlessly gaze towards the horizon. 

Explore the tumultuous history, folklore, and myths that have surrounded the mountain and celebrate the triumph of reaching the summit after bravely tackling the thrilling climbing terrains you will encounter. 

Designated a UNESCO World Heritage Site in 2006, the mountain is a protected sanctuary for the plethora of rare plant and animal species that continue to thrive.', 'Hiking & Land Adventures', 'South West', '210', 'Le Morne Brabant', 't', '{English,French}'::text[], '{"Guided Hike on the Le Morne Slave Route","Water provided","Local Mountain Guides(Licensed by Mauritius Tourism Authority)"}'::text[], '{}'::text[], '{"Climb from base to the peak of the ''V'' summit","Spectacular views of turquoise lagoons and lush mountain ranges","Explore the mountain''s history, folklore, and myths","UNESCO World Heritage Site, sanctuary for rare plant and animal species","Distance: 5.6 km; elevation gain: 465 m"}'::text[], 'Full Refund up to 24 hours', 'published'::activity_status, NULL, NULL, NULL, '0', '2026-06-19 20:14:04.421184+00', '{"adultsOnly": true, "startWindow": "06:00"}'::jsonb, '10', 'per_person', 'f', 'South', NULL, NULL, '1', 'f', 'f', '0');
insert into activities ("id", "operator_id", "slug", "type", "title", "summary", "description", "category", "location", "duration_minutes", "meeting_point", "pickup_available", "languages", "inclusions", "exclusions", "highlights", "cancellation_policy", "status", "seo_title", "seo_description", "rating_avg", "rating_count", "created_at", "extra", "daily_capacity", "pricing_mode", "is_custom_planner", "region", "lat", "lng", "min_advance_days", "is_airport_transfer", "is_hotel_transfer", "sort") values ('67b2f533-d3c5-47cb-98cf-456c45f44130', 'bb34e08d-d570-491e-8ff6-ca9d401b2a82', 'horse-back-riding-on-the-beach', 'activity'::activity_type, 'Horse Back Riding on the Beach', 'Discover the perfect blend of adventure and relaxation with a guided horseback ride along the stunning beaches of Mauritius. At Belle Mare Beach, our beach rides let you take in the island''s breathtaking coastline while enjoying an unforgettable experience in nature.', 'Whether you''re an experienced rider or trying horseback riding for the first time, Belle Mare Tours offers guided beach rides designed to be safe, relaxing, and memorable. 

Accompanied by knowledgeable guides, you''ll enjoy breathtaking coastal scenery, refreshing sea breezes, and the peaceful charm of Mauritius'' pristine beaches. Ideal for couples, families, and solo travelers alike, this unique horseback adventure offers an unforgettable way to experience the island''s natural beauty.

Please note that this ride is at a walk along the beach only. For a different type of ride, including trotting, galloping, and swimming with the horses, please contact us directly. Optional photoshoot available; please contact us for a customized tour.', 'Hiking & Land Adventures', 'Belle Mare Beach', '60', 'Belle Mare Beach', 't', '{English,French}'::text[], '{"Helmet rental","1-hour horseback ride on Belle Mare Beach","Experienced guide to accompany you"}'::text[], '{}'::text[], '{"Trained horses in good condition","Friendly team at your service","Rider weight limit set at 200 lbs."}'::text[], 'Free cancellation up to 24 hours before your activity for a full refund.', 'published'::activity_status, NULL, NULL, NULL, '0', '2026-07-07 15:41:59.940672+00', '{"startWindow": "09:00"}'::jsonb, '10', 'per_person', 'f', 'East', NULL, NULL, '1', 'f', 'f', '1');
insert into activities ("id", "operator_id", "slug", "type", "title", "summary", "description", "category", "location", "duration_minutes", "meeting_point", "pickup_available", "languages", "inclusions", "exclusions", "highlights", "cancellation_policy", "status", "seo_title", "seo_description", "rating_avg", "rating_count", "created_at", "extra", "daily_capacity", "pricing_mode", "is_custom_planner", "region", "lat", "lng", "min_advance_days", "is_airport_transfer", "is_hotel_transfer", "sort") values ('a018aae0-dcff-4d87-8744-6d1931288eda', 'bb34e08d-d570-491e-8ff6-ca9d401b2a82', 'hotel-transfer', 'transport'::activity_type, 'Private Transfer', 'Private fixed-price transfer between any two points in Mauritius — hotels, resorts or towns, door to door.', NULL, 'Airport transfers', 'Island-wide', NULL, NULL, 't', '{en,fr}'::text[], '{"Private driver","Door to door","Luggage assistance"}'::text[], '{}'::text[], '{"Fixed price","Door to door","Any two locations"}'::text[], NULL, 'draft'::activity_status, NULL, NULL, NULL, '0', '2026-06-24 22:38:54.345953+00', '{}'::jsonb, '10', 'vehicle', 'f', NULL, NULL, NULL, '0', 'f', 't', '0');
insert into activities ("id", "operator_id", "slug", "type", "title", "summary", "description", "category", "location", "duration_minutes", "meeting_point", "pickup_available", "languages", "inclusions", "exclusions", "highlights", "cancellation_policy", "status", "seo_title", "seo_description", "rating_avg", "rating_count", "created_at", "extra", "daily_capacity", "pricing_mode", "is_custom_planner", "region", "lat", "lng", "min_advance_days", "is_airport_transfer", "is_hotel_transfer", "sort") values ('a23001d8-f1a1-407e-9ab3-7075f4ff14ac', 'bb34e08d-d570-491e-8ff6-ca9d401b2a82', 'la-vallee-des-couleurs-nature-park-2', 'activity'::activity_type, 'Vallée Adventure Park', 'Day trip to La Vallée des Couleurs nature park, with its 23-coloured earth, four waterfalls, native wildlife and flora in southern Mauritius.', 'Nature lovers will find this destination appealing, offering a unique experience with indigenous wildlife and flora. The park features diverse landscapes including plateaus, mountains, valleys, craters and crater lakes. 

An exhibition room and fern garden showcase native flowers such as Trochetia and Banané Bouquet. Wildlife includes tortoises, monkeys, deer, fish and birds such as the Pink Pigeon and the Paille-en-Queue. 

Endemic trees (Ebony, Rattan Wood, Takamaka) enhance the scenery. Four waterfalls — Vacoas, Rattan Wood, Angel Hair and Chamouzé — offer relaxation spots. The main attraction is the earth with 23 distinct colours, originating from the Bassin Blanc volcano eruption millions of years ago.', 'Hiking & Land Adventures', 'Chamouny, South Region', '420', 'Chamouny', 't', '{English,French}'::text[], '{"Entrance Fee","Visit to the Park"}'::text[], '{Lunch,"Guide services"}'::text[], '{"23-coloured earth formation","Four waterfalls (Vacoas, Rattan Wood, Angel Hair, Chamouzé)","Exhibition room","Fern garden with native flowers","Wildlife viewing (tortoises, monkeys, deer, birds)","Endemic tree species (Ebony, Rattan Wood, Takamaka)","South Coast panoramic views"}'::text[], 'Full Refund up to 24 Hours', 'published'::activity_status, NULL, NULL, NULL, '0', '2026-06-19 20:14:04.421184+00', '{"priceList": {"url": "https://dwjkfowhrrvdiqligxcj.supabase.co/storage/v1/object/public/activity-images/la-vallee-des-couleurs-nature-park-2/pricelist-1783247264197-m4vzgj.pdf", "label": "Vallee Price List"}, "startWindow": "09:00 - 17:00"}'::jsonb, '10', 'per_person', 'f', 'South', NULL, NULL, '1', 'f', 'f', '0');
insert into activities ("id", "operator_id", "slug", "type", "title", "summary", "description", "category", "location", "duration_minutes", "meeting_point", "pickup_available", "languages", "inclusions", "exclusions", "highlights", "cancellation_policy", "status", "seo_title", "seo_description", "rating_avg", "rating_count", "created_at", "extra", "daily_capacity", "pricing_mode", "is_custom_planner", "region", "lat", "lng", "min_advance_days", "is_airport_transfer", "is_hotel_transfer", "sort") values ('2402ab1e-1695-4485-a120-561d08797854', 'bb34e08d-d570-491e-8ff6-ca9d401b2a82', 'north-beaches-tour', 'activity'::activity_type, 'Beach Hopping Tour (North Beaches)', 'An exclusive private beach-hopping day tour to five northern Mauritius beaches with complimentary beach chairs, umbrella, mat, snacks and drinks, and an English/French-speaking driver.', 'An exclusive private beach tour exploring five northern Mauritius beaches in a single day. Visitors are transported by dedicated chauffeur across Trou aux Biches, Mont Choisy, La Cuvette, Grand Bay, and Pereybere beaches. The experience includes complimentary beach chairs, umbrellas, mats, snacks, and refreshing drinks. Each beach offers distinct characteristics: Mont Choisy features crystal waters and marine life; Pereybere provides vibrant atmosphere with local cafes; Grand Bay offers water sports and shopping; Trou aux Biches delivers serene, family-friendly conditions; La Cuvette provides a secluded, tranquil escape. The driver assists with beach setup and provides English/French-speaking guidance throughout.', 'Taxi Sightseeing tours', NULL, '330', NULL, 't', '{English,French}'::text[], '{"Pickup and drop-off from any hotel/Airbnb in Mauritius","Private vehicle and transportation between beaches","English/French-speaking driver","Supermarket stop on route","One beach umbrella, two beach chairs, one beach mat (minimum)","Snacks and chilled soft drinks","First child seat (upon request)"}'::text[], '{"Lunch (though driver provides restaurant recommendations)","Entry tickets to visiting places","Additional beach chairs/umbrellas beyond specified amounts"}'::text[], '{"Trou aux Biches Beach","Mont Choisy Beach","La Cuvette Beach","Grand Bay Beach","Pereybere Beach"}'::text[], NULL, 'published'::activity_status, NULL, NULL, NULL, '0', '2026-06-19 20:14:04.421184+00', '{"itinerary": [{"area": "North Region", "tags": [], "title": "Grand Bay Beach", "description": null}, {"area": "North Region", "tags": [], "title": "Pereybere Beach", "description": null}, {"area": "North Region", "tags": [], "title": "Mont Choisy Beach", "description": null}, {"area": "North Region", "tags": [], "title": "Trou Aux Biches", "description": null}, {"area": "North Region", "tags": [], "title": "Cap Malheureux", "description": null}]}'::jsonb, '10', 'vehicle', 'f', NULL, NULL, NULL, '1', 'f', 'f', '0');
insert into activities ("id", "operator_id", "slug", "type", "title", "summary", "description", "category", "location", "duration_minutes", "meeting_point", "pickup_available", "languages", "inclusions", "exclusions", "highlights", "cancellation_policy", "status", "seo_title", "seo_description", "rating_avg", "rating_count", "created_at", "extra", "daily_capacity", "pricing_mode", "is_custom_planner", "region", "lat", "lng", "min_advance_days", "is_airport_transfer", "is_hotel_transfer", "sort") values ('a9164fa6-a19b-4789-866f-0f967dcde449', 'bb34e08d-d570-491e-8ff6-ca9d401b2a82', 'north-tour', 'activity'::activity_type, 'Private North Tour Mauritius', 'Private full-day tour of North Mauritius with a driver-guide: Port Louis and its central market, the Pamplemousses Botanical Garden, Grand Baie and the red-roof church of Cap Malheureux.', 'Discover the beauty, culture, and history of North Mauritius on this private full-day tour. Travel comfortably with an experienced local driver-guide and explore some of the island''s most famous attractions.

Your journey begins in Port Louis, the vibrant capital city, where you can visit the Central Market, Caudan Waterfront, and Chinatown. Continue to the historic Citadel Fortress for breathtaking panoramic views of the city and harbour.

Next, visit the famous Pamplemousses Botanical Garden, one of the oldest botanical gardens in the Southern Hemisphere, known for its giant water lilies and exotic plants. Continue to Château de Labourdonnais, a beautifully restored colonial mansion surrounded by lush orchards.

Head north to the picturesque village of Cap Malheureux and admire its iconic red-roof church overlooking the turquoise lagoon. Along the way, enjoy scenic coastal views, local culture, and opportunities to take memorable photos.

This private tour offers flexibility, comfort, and personalized service, making it perfect for couples, families, and small groups seeking to experience the best of North Mauritius in one unforgettable day.', 'Taxi Sightseeing tours', 'North', '480', 'Hotel, Airbnb, guesthouse or cruise-port pickup across Mauritius', 't', '{English,French}'::text[], '{"Private transportation in a comfortable air-conditioned vehicle","Professional driver-guide","Hotel, Airbnb, or port pickup and drop-off","Flexible itinerary and photo stops","Fuel and parking fees"}'::text[], '{"Entrance fees to attractions and museums","Personal expenses and souvenirs","Optional activities not mentioned in the itinerary","Food and beverages not included. (Driver will recommend where to eat)"}'::text[], '{"Explore Port Louis and its bustling central market","Grand Baie and the iconic red-roof church of Cap Malheureux","A private driver-guide at your service all day","Fully customisable itinerary — add turtles, diving or Château de Labourdonnais","Pamplemousses Botanical Garden — giant water lilies and exotic plants(Rs300 entrance fee per person)"}'::text[], 'Free cancellation up to 24 hours before for a full refund.', 'published'::activity_status, NULL, NULL, '4.8', '126', '2026-06-14 22:39:52.369676+00', '{"itinerary": [{"area": "Capital", "tags": ["Guided tour", "Sightseeing", "Photo stop"], "title": "Port Louis", "description": null}, {"area": "Capital", "tags": ["Visit", "Shopping", "Walk"], "title": "Central Market", "description": null}, {"area": "North", "tags": ["Visit", "Guided tour", "Walk"], "title": "Pamplemousses Botanical Garden", "description": null}, {"area": "North", "tags": ["Free time", "Photo stop"], "title": "Grand Baie", "description": null}, {"area": "North", "tags": ["Photo stop", "Sightseeing"], "title": "Cap Malheureux", "description": null}]}'::jsonb, '10', 'vehicle', 'f', NULL, NULL, NULL, '1', 'f', 'f', '0');
insert into activities ("id", "operator_id", "slug", "type", "title", "summary", "description", "category", "location", "duration_minutes", "meeting_point", "pickup_available", "languages", "inclusions", "exclusions", "highlights", "cancellation_policy", "status", "seo_title", "seo_description", "rating_avg", "rating_count", "created_at", "extra", "daily_capacity", "pricing_mode", "is_custom_planner", "region", "lat", "lng", "min_advance_days", "is_airport_transfer", "is_hotel_transfer", "sort") values ('2938b5c4-9734-4dfd-84c0-4bfc46e9facb', 'bb34e08d-d570-491e-8ff6-ca9d401b2a82', 'port-louis-city-tour', 'activity'::activity_type, 'Port Louis City Tour', 'A private, personalised tour through the capital Port Louis, taking in viewpoints, Hindu temples, the Caudan Waterfront, Chinatown and bazaar, the Citadel Fort and the Odysseo Oceanarium with an English/French-speaking driver.', 'Embark on a captivating journey through the heart of Mauritius with the Port Louis City Tour, a comprehensive exploration of the capital''s rich tapestry of history, culture, and contemporary allure. The tour begins at the Marie Reine de la Paix Viewpoint, a serene haven with sweeping views of Port Louis framed against the Moka mountain range. Next, visitors immerse themselves in the spiritual and architectural grandeur of vibrant Hindu temples adorned with intricate carvings and vivid colors. The Caudan Waterfront presents the modern face of Mauritius—a bustling promenade featuring shopping, dining, and entertainment with stunning harbor views. The journey continues through Chinatown''s narrow streets and traditional shops, the historic bazaar with its colors and scents, and museums providing deeper cultural understanding. The Citadel Fort, perched atop a hill, offers panoramic views spanning the cityscape and harbor. The tour concludes at the Odysseo Oceanarium, a state-of-the-art facility showcasing diverse marine life and aquatic ecosystems. Throughout the experience, visitors gain profound understanding of the island''s past and present through a private, personalized journey with an English/French-speaking driver.', 'Taxi Sightseeing tours', NULL, '360', NULL, 't', '{English,French}'::text[], '{"Pick up and drop off from any hotel or Airbnb in Mauritius","Private transportation to all sights","English/French-speaking driver to guide and provide information","First child seat (free of charge, upon request)"}'::text[], '{"Entry ticket fees to places (Blue Penny Museum, etc.)","Lunch (customers choose restaurants; driver offers recommendations)"}'::text[], '{}'::text[], NULL, 'published'::activity_status, NULL, NULL, NULL, '0', '2026-06-19 20:14:04.421184+00', '{"itinerary": [{"area": "Capital", "tags": [], "title": "Port-Louis Caudan Waterfront", "description": null}, {"area": "Capital", "tags": ["Market", "Bazzar"], "title": "Chinatown", "description": null}, {"area": "Capital", "tags": [], "title": "Citadel Fort", "description": null}, {"area": "Capital", "tags": [], "title": "Odysseo Oceanarium", "description": null}, {"area": "Capital", "tags": [], "title": "Tamil Temple", "description": null}]}'::jsonb, '10', 'vehicle', 'f', NULL, NULL, NULL, '1', 'f', 'f', '0');
insert into activities ("id", "operator_id", "slug", "type", "title", "summary", "description", "category", "location", "duration_minutes", "meeting_point", "pickup_available", "languages", "inclusions", "exclusions", "highlights", "cancellation_policy", "status", "seo_title", "seo_description", "rating_avg", "rating_count", "created_at", "extra", "daily_capacity", "pricing_mode", "is_custom_planner", "region", "lat", "lng", "min_advance_days", "is_airport_transfer", "is_hotel_transfer", "sort") values ('dcac8588-b2f3-4802-959f-970d1aa88755', 'bb34e08d-d570-491e-8ff6-ca9d401b2a82', 'private-full-day-3-northern-islands-adventure', 'activity'::activity_type, 'Private Full Day 3 Northern Islands Adventure', 'Enjoy a private full-day catamaran cruise from Grand Baie to Île Plate, featuring lagoon snorkeling, a gourmet lunch served on board, relaxation at Île aux Gabriel, and breathtaking views of Coin de Mire.', 'Depart from Grand Baie on your private catamaran for a full-day cruise to Île Plate. Snorkel in the crystal-clear lagoon, home to vibrant coral reefs and a variety of tropical fish. Enjoy a delicious gourmet lunch served on board as you sail through the stunning turquoise waters. Relax on the pristine beach of Île aux Gabriel or unwind on the spacious catamaran at your own pace. End your unforgettable day with breathtaking views of the dramatic cliffs of Coin de Mire before returning to Grand Baie.', 'Private Cruises', NULL, '420', 'Grand Baie', 'f', '{English}'::text[], '{"Lunch with salads","Garlic butter bread","Grilled chicken/fish/sausage","Water, Coke, beer, wine, local rum","Flaming banana","Fruit salads",Snorkeling}'::text[], '{"Do not drink if you are going to drive","Arrive 15 minutes before departure","Own transport users must find directions on Google Maps"}'::text[], '{"Île Plate (Northern Region)","Ile Aux Gabriel (Northern Region)","Coin de Mire (Northern Region)","Snorkeling (Northern Region)"}'::text[], 'Free cancellation up to 24 hours before your activity for a full refund.', 'published'::activity_status, NULL, NULL, NULL, '0', '2026-07-13 17:01:55.137323+00', '{"itinerary": [{"area": null, "tags": [], "title": "Grand Baie, Sunset Boulevard", "description": "Departure"}, {"area": null, "tags": [], "title": "Gunner''s Quoin", "description": "Snorkeling"}, {"area": null, "tags": [], "title": "Gabriel Island", "description": "Visit"}, {"area": null, "tags": [], "title": "Flat Island", "description": "Sightseeing"}], "whatToBring": ["Comfortable shoes", "Sunglasses", "Hat", "Swimwear", "Change of clothes", "Towel", "Camera", "Sunscreen", "Snorkeling gear"], "importantInfo": ["Infants aged 1 to 4 go free of charge.", "All food is halal. Vegetarian meals must be requested in advance.", "Pickup and drop-off is available if the applicable option is selected.", "Public parking is available 60m from the meeting point. Please arrive early to secure a space. Contact our team on WhatsApp for the location.", "The itinerary may be adjusted due to weather, sea conditions, tides, or operational requirements for guest safety.", "The captain’s decisions regarding navigation, timing, and itinerary adjustments are final and made in the interest of guest safety.", "Guests using wheelchairs need to stand briefly to get on and off the shuttle boat, with our crew assisting, to access the catamaran.", "For their own comfort and security, guests are kindly requested to keep personal belongings with them at all times. The company cannot be held responsible for any loss, theft, damage, or misplacement of personal items during the tour."]}'::jsonb, '10', 'per_person', 'f', NULL, NULL, NULL, '7', 'f', 'f', '2');
insert into activities ("id", "operator_id", "slug", "type", "title", "summary", "description", "category", "location", "duration_minutes", "meeting_point", "pickup_available", "languages", "inclusions", "exclusions", "highlights", "cancellation_policy", "status", "seo_title", "seo_description", "rating_avg", "rating_count", "created_at", "extra", "daily_capacity", "pricing_mode", "is_custom_planner", "region", "lat", "lng", "min_advance_days", "is_airport_transfer", "is_hotel_transfer", "sort") values ('83ec6f71-6e52-4406-ad53-74ab45d1bd21', 'bb34e08d-d570-491e-8ff6-ca9d401b2a82', 'private-full-day-5-islands-tour-ile-aux-cerfs-with-lunch', 'activity'::activity_type, 'Private Full Day 5 Islands tour Ile Aux Cerfs with Lunch', 'Enjoy a private full-day speedboat excursion from Trou d''Eau Douce, visiting the GRSE waterfall, snorkeling among vibrant coral gardens, exploring the five islands, savoring a BBQ lunch, and relaxing on the beautiful northern beaches of Île aux Cerfs.', 'Embark on a private speedboat excursion from Trou d''Eau Douce for a full day of adventure and relaxation.

Your journey begins with a visit to the majestic Grande Rivière Sud-Est Waterfall, one of Mauritius'' most spectacular natural attractions. Continue with a snorkeling stop among vibrant coral gardens, where you can swim alongside colorful tropical fish in crystal-clear waters.

Cruise to the picturesque offshore islands, including Île aux Aigrettes, Île aux Prison, and Île au Phare, each offering unique scenery, fascinating history, and unspoiled natural beauty.

Enjoy a delicious BBQ lunch in a tranquil setting on the southern side of Île aux Cerfs before spending the afternoon relaxing on the island''s beautiful northern beaches. Swim in the turquoise lagoon, soak up the tropical atmosphere, or simply unwind at your own pace before returning to Trou d''Eau Douce.', 'Private Cruises', 'East', '420', 'Route Royale Maho, Trou d''Eau Douce', 't', '{English,French}'::text[], '{"Lunch and drinks","BBQ lunch with salads, garlic butter bread, chicken, fish, sausage","Drinks: water, Coke, beer, wine, local rum","Flaming banana dessert","Snorkeling session","Visit to five islands",Pickup(optional)}'::text[], '{}'::text[], '{"Grande Rivière Sud-Est (GRSE) waterfall","Snorkeling among coral gardens and tropical fish at Eau Bleue","Île aux Aigrettes (Southeast Region)","Île aux Prison (Southeast Region)","Île Phare / Île aux Phare (Southeast Region)","BBQ lunch on the southern part of Île aux Cerfs","Beaches of northern Île aux Cerfs and the turquoise lagoon"}'::text[], 'Free cancellation up to 24 hours before your activity for a full refund.', 'published'::activity_status, NULL, NULL, NULL, '0', '2026-07-13 17:47:51.344047+00', '{"itinerary": [{"area": null, "tags": [], "title": "Trou d''eau douce", "description": "Departure"}, {"area": null, "tags": [], "title": "Ile aux cerfs", "description": "Visit Sightseeing"}, {"area": null, "tags": [], "title": "Ile aux cerf Island", "description": "Lunch Bbq and drinks on the beach"}, {"area": null, "tags": [], "title": "G.R.S.E Waterfall", "description": "Visit Sightseeing"}, {"area": null, "tags": [], "title": "Ile aux phare", "description": "Visit Sightseeing"}, {"area": null, "tags": [], "title": "Ile de passe", "description": "Photos"}, {"area": null, "tags": [], "title": "Aigrette island", "description": "Swimming,Snorkeling"}], "startWindow": "09:00", "whatToBring": ["Sunglasses", "Hat", "Swimwear", "Towel", "Snorkeling gear"], "importantInfo": ["You will visit 3 islands, subject to tides. As some islands are government-protected, we will pass by without stopping.", "Dolphin and monkey sightings are possible but not guaranteed.", "The tour may be rescheduled in case of bad weather or rough seas.", "Optional hotel/villa transfer services.", "Vegetarian meals must be requested in advance.", "Arrive at the boarding point at least 15 minutes before cruise start time", "Please do not drink if you are going to drive"]}'::jsonb, '10', 'per_person', 'f', 'East', NULL, NULL, '1', 'f', 'f', '4');
insert into activities ("id", "operator_id", "slug", "type", "title", "summary", "description", "category", "location", "duration_minutes", "meeting_point", "pickup_available", "languages", "inclusions", "exclusions", "highlights", "cancellation_policy", "status", "seo_title", "seo_description", "rating_avg", "rating_count", "created_at", "extra", "daily_capacity", "pricing_mode", "is_custom_planner", "region", "lat", "lng", "min_advance_days", "is_airport_transfer", "is_hotel_transfer", "sort") values ('ca8a0ff4-e24d-4712-ac91-457ee60d6c04', 'bb34e08d-d570-491e-8ff6-ca9d401b2a82', 'private-full-day-catamaran-ile-aux-cerfs', 'activity'::activity_type, 'Private Full Day Catamaran Ile Aux Cerfs', 'Set sail on a private full-day catamaran cruise from Trou d''Eau Douce and experience an unforgettable day with a visit to the Grand River South East Waterfall, snorkeling in turquoise lagoons, a gourmet BBQ lunch on board, and a relaxing stop at the idyllic Île aux Cerfs.', 'Enjoy an exclusive full-day private catamaran cruise departing from Trou d''Eau Douce on Mauritius'' east coast. Cruise to the spectacular Grand River South East Waterfall, snorkel in crystal-clear waters, and savor a delicious BBQ lunch with beverages served on board. Continue to the idyllic Île aux Cerfs, where you can unwind on pristine white-sand beaches, swim in the turquoise lagoon, and soak up the beauty of this tropical paradise at your own pace.', 'Private Cruises', 'Trou D''eau Douce', '420', 'Route Royale Maho, Trou d''Eau Douce', 't', '{English}'::text[], '{"Salads and garlic butter bread","BBQ items: chicken, fish, sausage","Beverages: water, Coke, beer, wine, local rum","Dessert: flaming banana",Snorkeling}'::text[], '{"Water Activities (Parasailing etc)"}'::text[], '{"Ile aux Cerfs (Eastern Region)","GRSE Waterfall (Eastern Region)","Snorkeling (Eau Bleu)","Lunch BBQ & Drinks on board"}'::text[], 'Free cancellation up to 24 hours before your activity for a full refund.', 'published'::activity_status, NULL, NULL, NULL, '0', '2026-07-12 16:34:56.545211+00', '{"itinerary": [{"area": null, "tags": [], "title": "Route Royale Maho, Trou d''Eau Douce", "description": "Departure"}, {"area": null, "tags": [], "title": "Grand River South East Waterfall", "description": "Sightseeing"}, {"area": null, "tags": [], "title": "Ile aux cerfs", "description": "Snorkeling + BBQ Lunch & Drinks on Board"}, {"area": null, "tags": [], "title": "Ile aux cerfs", "description": "Swimming & relaxation"}], "startWindow": "09:00", "whatToBring": ["Comfortable shoes", "Sunglasses", "Hat", "Swimwear", "Change of clothes", "Towel", "Camera", "Sunscreen", "Snorkeling gear"], "importantInfo": ["Arrive at boarding point at least 15 minutes before the cruise start time", "Guests using own transport must not drink if driving", "All food is halal. Vegetarian meals must be requested in advance.", "Pickup and drop-off is available if the applicable option is selected.", "Public parking is available 60m from the meeting point. Please arrive early to secure a space. Contact our team on WhatsApp for additional information.", "The itinerary may be adjusted due to weather, sea conditions, tides, or operational requirements for guest safety.", "The captain''s decisions regarding navigation, timing, and itinerary adjustments are final and made in the interest of guest safety.", "Guests using wheelchairs need to stand briefly to get on and off the shuttle boat, with our crew assisting, to access the catamaran.", "For their own comfort and security, guests are kindly requested to keep personal belongings with them at all times. The company cannot be held responsible for any loss, theft, damage, or misplacement of personal items during the tour."]}'::jsonb, '10', 'per_group', 'f', 'East', NULL, NULL, '3', 'f', 'f', '0');
insert into activities ("id", "operator_id", "slug", "type", "title", "summary", "description", "category", "location", "duration_minutes", "meeting_point", "pickup_available", "languages", "inclusions", "exclusions", "highlights", "cancellation_policy", "status", "seo_title", "seo_description", "rating_avg", "rating_count", "created_at", "extra", "daily_capacity", "pricing_mode", "is_custom_planner", "region", "lat", "lng", "min_advance_days", "is_airport_transfer", "is_hotel_transfer", "sort") values ('59b0f6e2-a847-4418-9e3a-695a333465e4', 'bb34e08d-d570-491e-8ff6-ca9d401b2a82', 'private-full-day-speed-boat-ile-aux-cerf-with-lunch', 'activity'::activity_type, 'Private Full Day Speed Boat Ile Aux Cerf with Lunch', 'Enjoy a full-day excursion on your own private speedboat to Île aux Cerfs — cruise turquoise lagoons, witness the Grande Rivière Sud Est waterfall, savour a BBQ lunch on Îlot Mangénie, and add on water activities at your leisure.', 'Enjoy an unforgettable experience with your own private boat trip to Île aux Cerfs.

Discover and marvel at the stunning landscapes of the turquoise lagoons on the East Coast while relaxing on the fine sandy beach — all at your own pace. Don''t miss the chance to visit the spectacular Grande Rivière Sud Est waterfall and savor a delicious lunch on Îlot Mangénie, exclusively for you.

You can also take advantage of the numerous water activities available to enhance your day, such as parasailing, banana boat rides, buoy rides, or water skiing — with no waiting around for other guests. A day full of adventures and unforgettable memories awaits you on this paradise island, tailored just for you.', 'Private Cruises', 'East', '420', 'Route Royale Maho, Trou d''Eau Douce', 't', '{English}'::text[], '{"BBQ lunch with salads, garlic butter bread, chicken, fish, sausage","Drinks: water, Coke, beer, wine, local rum","Flaming banana dessert","Pick-up and drop-off at all parts of the island"}'::text[], '{}'::text[], '{"Île aux Cerfs (Eastern Region)","BBQ lunch on Îlot Mangénie (Eastern Region)","Grande Rivière Sud Est (G.R.S.E) waterfall","Turquoise lagoons of the East Coast and fine sandy beaches"}'::text[], 'Free cancellation up to 24 hours before your activity for a full refund.', 'published'::activity_status, NULL, NULL, NULL, '0', '2026-07-13 18:13:14.69612+00', '{"itinerary": [{"area": null, "tags": [], "title": "Trou d''Eau Douce", "description": "Departure"}, {"area": null, "tags": [], "title": "Grand River South East", "description": "Waterfall Sightseeing"}, {"area": null, "tags": [], "title": "Ile aux Cerfs", "description": "Swimming & Relaxation"}, {"area": null, "tags": [], "title": "Ilot Mangenie", "description": "Lunch BBQ on the beach"}], "startWindow": "09:00", "whatToBring": ["Sunglasses", "Towel", "Swimwear"], "importantInfo": ["The tour may be rescheduled in case of bad weather or rough seas.", "Optional hotel/villa transfer services.", "Vegetarian meals must be requested in advance."]}'::jsonb, NULL, 'per_person', 'f', NULL, NULL, NULL, '1', 'f', 'f', '5');
insert into activities ("id", "operator_id", "slug", "type", "title", "summary", "description", "category", "location", "duration_minutes", "meeting_point", "pickup_available", "languages", "inclusions", "exclusions", "highlights", "cancellation_policy", "status", "seo_title", "seo_description", "rating_avg", "rating_count", "created_at", "extra", "daily_capacity", "pricing_mode", "is_custom_planner", "region", "lat", "lng", "min_advance_days", "is_airport_transfer", "is_hotel_transfer", "sort") values ('8d143960-f55b-4658-9a9d-d798726207f0', 'bb34e08d-d570-491e-8ff6-ca9d401b2a82', 'private-full-day-western-cruise-catamaran', 'activity'::activity_type, 'Private Full Day Western Cruise Catamaran', 'Enjoy a private catamaran cruise to Tamarin Bay, where you''ll search for dolphins in their natural habitat, snorkel near a vibrant coral reef, and savor a delicious lunch at anchor beside the iconic Crystal Rock.', 'Set sail on your private catamaran towards Tamarin Bay in search of dolphins in their natural habitat, offering a magical and unforgettable wildlife experience. Later, stop at a beautiful coral reef to snorkel in crystal-clear waters and discover the vibrant marine life beneath the surface. Enjoy a delicious lunch served on board while anchored beside the iconic Crystal Rock, surrounded by the breathtaking scenery of Mauritius.', 'Private Cruises', NULL, '420', 'Black River', 't', '{English}'::text[], '{"Lunch on board: salads","Garlic butter bread","Chicken, fish, sausage","Water, Coke, beer, wine, local rum","Flaming banana","Fruit salads",Snorkeling}'::text[], '{"Please, do not drink if you are going to drive!","Arrive at boarding point at least 15 minutes before start","Own transport requires directions from Google Maps"}'::text[], '{"Departure from Black River (West region)","Dolphin watching at Tamarin Bay","Crystal Rock snorkeling (West region)","Benitier Island (West region)","Lunch on board (West region)"}'::text[], 'Free cancellation up to 24 hours before your activity for a full refund.', 'published'::activity_status, NULL, NULL, NULL, '0', '2026-07-13 17:16:14.291994+00', E'{"itinerary": [{"area": null, "tags": [], "title": "Black River", "description": "Departure"}, {"area": null, "tags": [], "title": "Tamarin", "description": "Secret Spot\\nDolphin Watching"}, {"area": null, "tags": [], "title": "Crystal Rock, Tamarin", "description": "Snorkeling"}, {"area": null, "tags": [], "title": "Benitier Island", "description": "Lunch on Board"}], "whatToBring": ["Comfortable shoes", "Sunglasses", "Hat", "Swimwear", "Change of clothes", "Towel", "Camera", "Sunscreen", "Snorkeling gear"], "importantInfo": ["Infants aged 1 to 4 go free of charge.", "All food is halal. Vegetarian meals must be requested in advance.", "Pickup and drop-off is available if the applicable option is selected.", "Public parking is available 60m from the meeting point. Please arrive early to secure a space. Contact our team on WhatsApp for the location.", "The itinerary may be adjusted due to weather, sea conditions, tides, or operational requirements for guest safety.", "The captain’s decisions regarding navigation, timing, and itinerary adjustments are final and made in the interest of guest safety.", "Guests using wheelchairs need to stand briefly to get on and off the shuttle boat, with our crew assisting, to access the catamaran.", "For their own comfort and security, guests are kindly requested to keep personal belongings with them at all times. The company cannot be held responsible for any loss, theft, damage, or misplacement of personal items during the tour."]}'::jsonb, '10', 'per_person', 'f', NULL, NULL, NULL, '5', 'f', 'f', '3');
insert into activities ("id", "operator_id", "slug", "type", "title", "summary", "description", "category", "location", "duration_minutes", "meeting_point", "pickup_available", "languages", "inclusions", "exclusions", "highlights", "cancellation_policy", "status", "seo_title", "seo_description", "rating_avg", "rating_count", "created_at", "extra", "daily_capacity", "pricing_mode", "is_custom_planner", "region", "lat", "lng", "min_advance_days", "is_airport_transfer", "is_hotel_transfer", "sort") values ('f286759a-7721-4414-b8fd-dc164eb3120c', 'bb34e08d-d570-491e-8ff6-ca9d401b2a82', 'private-shopping-tour', 'activity'::activity_type, 'Private Shopping Tour', 'All day or half a day: Shopping in Mauritius can be a wonderful experience. Traditional arts and crafts, as well as the finest luxury products, can be found in various shopping centers and boutiques.', 'All day or half a day: Shopping in Mauritius can be a wonderful experience. Traditional arts and crafts, as well as the finest luxury products, can be found in various shopping centers and boutiques.

There are also several department stores offering very attractive prices and vibrant markets where you can truly experience the rhythm of life in Mauritius. During this visit, you will have the opportunity to explore many places in an interesting day; Port-Louis, Curepipe, and Floréal.', 'Taxi Sightseeing tours', 'Central and North', NULL, NULL, 't', '{English,French}'::text[], '{"Floreal Factory Shop","Model Ship Factory","Diamond Factory","Port Louis Waterfront Market","Bagetelle Mall","Tribecca Mall","Private Transportation with Driver"}'::text[], '{"Lunch not included."}'::text[], '{"Full Day Shopping Tour","Visit key and iconic shopping destinations in Mauritius","Opportunity to purchase a range of items from - jewellery, souvenirs, clothing etc.","Private transportation to and from your place of accommodation"}'::text[], 'Free cancellation up to 24 hours before your activity for a full refund.', 'published'::activity_status, NULL, NULL, NULL, '0', '2026-06-25 17:31:09.847171+00', '{"itinerary": [{"area": "Center Region", "tags": [], "title": "Floreal Factory Shop", "description": null}, {"area": "Center Region", "tags": [], "title": "Bagatelle Mall", "description": null}, {"area": "Capital", "tags": [], "title": "Port-Louis Caudan Waterfront", "description": null}]}'::jsonb, NULL, 'vehicle', 'f', NULL, NULL, NULL, '1', 'f', 'f', '0');
insert into activities ("id", "operator_id", "slug", "type", "title", "summary", "description", "category", "location", "duration_minutes", "meeting_point", "pickup_available", "languages", "inclusions", "exclusions", "highlights", "cancellation_policy", "status", "seo_title", "seo_description", "rating_avg", "rating_count", "created_at", "extra", "daily_capacity", "pricing_mode", "is_custom_planner", "region", "lat", "lng", "min_advance_days", "is_airport_transfer", "is_hotel_transfer", "sort") values ('fb842149-9737-469b-a116-4b2b25230456', 'bb34e08d-d570-491e-8ff6-ca9d401b2a82', 'private-south-east-tour', 'activity'::activity_type, 'Private South East Tour', 'Explore the South-East Tour and uncover Mauritius’ rich history, cultural heritage, and scenic hidden gems.', 'Discover the wonders of Mauritius on our South-East Tour, a captivating journey through the island’s history, culture, and natural beauty. 

Explore the crystal-clear waters of Blue Bay Marine Park, step back in time at the Mahebourg Museum, visit the famous Manioc Biscuit Factory, stroll along the picturesque Mahebourg Waterfront, and uncover the stories behind the Dutch First Landing and the Frederick Hendrick Museum. This enriching experience offers the perfect blend of heritage, breathtaking scenery, and local traditions.', 'Taxi Sightseeing tours', 'South East', NULL, NULL, 'f', '{English,French}'::text[], '{}'::text[], '{"Lunch not included"}'::text[], '{}'::text[], 'Free cancellation up to 24 hours before your activity for a full refund.', 'published'::activity_status, NULL, NULL, NULL, '0', '2026-06-25 17:37:54.889799+00', '{"itinerary": [{"area": "South Region", "tags": [], "title": "Frederick Hendrick Musuem", "description": null}, {"area": "South Region", "tags": [], "title": "Mahebourg Waterfront", "description": null}, {"area": "South Region", "tags": [], "title": "Manioc Biscuit Factory Tour", "description": null}, {"area": null, "tags": [], "title": "Naval Mahebourg Museum", "description": null}, {"area": "South Region", "tags": [], "title": "Blue Bay Beach", "description": null}]}'::jsonb, NULL, 'vehicle', 'f', NULL, NULL, NULL, '1', 'f', 'f', '0');
insert into activities ("id", "operator_id", "slug", "type", "title", "summary", "description", "category", "location", "duration_minutes", "meeting_point", "pickup_available", "languages", "inclusions", "exclusions", "highlights", "cancellation_policy", "status", "seo_title", "seo_description", "rating_avg", "rating_count", "created_at", "extra", "daily_capacity", "pricing_mode", "is_custom_planner", "region", "lat", "lng", "min_advance_days", "is_airport_transfer", "is_hotel_transfer", "sort") values ('46f8ee0b-3c53-4c77-9461-a8d6a237267e', 'bb34e08d-d570-491e-8ff6-ca9d401b2a82', 'scubadiving', 'activity'::activity_type, 'Scuba Diving', 'Explore the breathtaking underwater scenery of Mauritius, with colourful corals and a rich variety of fish in crystal-clear waters.', 'Diving in Mauritius provides an unforgettable and extraordinary experience as you explore breathtaking underwater scenery, where colorful corals form enchanting landscapes teeming with an astonishing variety of shimmering fish. 

It truly is a earthly paradise for diving enthusiasts eager to delve into the richness of the captivating marine life of the Indian Ocean, alongside the many hidden treasures waiting to be discovered in its crystal-clear waters, perfect for wonder and adventure.', 'Sea & water activities', 'Grand Baie', '60', 'Grand Baie', 't', '{English,French}'::text[], '{"Baby seat (free on demand)","Pick-up and drop-off at all parts of the island"}'::text[], '{"Do not drink if you are going to drive","Arrive at least 15 minutes before the cruise start time","If using your own transport, directions to the boarding point are available on Google Maps"}'::text[], '{"Explore colourful corals and rich marine life of the Indian Ocean","Three location options (weather dependent): Grand Baie (North), Belle Mare (East), Flic-en-Flac (West)"}'::text[], 'Full Refund up to 24 Hours', 'published'::activity_status, NULL, NULL, NULL, '0', '2026-06-19 20:14:04.421184+00', '{"startWindow": "09:00 - 11:00"}'::jsonb, '10', 'per_person', 'f', 'North', NULL, NULL, '1', 'f', 'f', '0');
insert into activities ("id", "operator_id", "slug", "type", "title", "summary", "description", "category", "location", "duration_minutes", "meeting_point", "pickup_available", "languages", "inclusions", "exclusions", "highlights", "cancellation_policy", "status", "seo_title", "seo_description", "rating_avg", "rating_count", "created_at", "extra", "daily_capacity", "pricing_mode", "is_custom_planner", "region", "lat", "lng", "min_advance_days", "is_airport_transfer", "is_hotel_transfer", "sort") values ('e0a2004b-4f7a-46a2-95f7-c7866c4980c9', 'bb34e08d-d570-491e-8ff6-ca9d401b2a82', 'seaplane', 'activity'::activity_type, 'Fly Over the Underwater Waterfall: Mauritius Seaplane Tour', 'Take off barefoot from the turquoise lagoon at La Prairie beach and fly beside the famous underwater waterfall illusion, next to a UNESCO World Heritage site.', 'We have the privilege of flying over the UNDERWATER CASCADE daily. Our seaplanes take off from the beach of La Prairie, right next to this natural wonder. Just a few steps away, barefoot in the turquoise lagoon, you board the seaplane. Get ready to take off from the crystal-clear waters, beside a UNESCO World Heritage site. Comfortably seated next to the pilot, you will discover this famous illusion: a waterfall at the bottom of the Indian Ocean. It''s magical and majestic. The most photogenic view has captivated the entire world since its photos made their rounds on the internet. This natural treasure is truly something to see in person.', 'Air activities', 'Beach of La Prairie, Mauritius', '15', NULL, 't', '{English,French}'::text[], '{}'::text[], '{}'::text[], '{"Fly over the famous underwater waterfall illusion at the bottom of the Indian Ocean","Take off barefoot from the turquoise lagoon at La Prairie beach","Seated next to the pilot","Views beside a UNESCO World Heritage site","Three tour options: 15min (the short ambre), 30min (the Turquoise experience), 60min (the mythical east)"}'::text[], NULL, 'draft'::activity_status, NULL, NULL, NULL, '0', '2026-06-19 20:14:04.421184+00', '{}'::jsonb, NULL, 'per_person', 'f', 'North', NULL, NULL, '1', 'f', 'f', '0');
insert into activities ("id", "operator_id", "slug", "type", "title", "summary", "description", "category", "location", "duration_minutes", "meeting_point", "pickup_available", "languages", "inclusions", "exclusions", "highlights", "cancellation_policy", "status", "seo_title", "seo_description", "rating_avg", "rating_count", "created_at", "extra", "daily_capacity", "pricing_mode", "is_custom_planner", "region", "lat", "lng", "min_advance_days", "is_airport_transfer", "is_hotel_transfer", "sort") values ('13fb9ed9-2386-43aa-8e8c-87dac1f5f9fb', 'bb34e08d-d570-491e-8ff6-ca9d401b2a82', 'shopping-tour', 'activity'::activity_type, 'Shopping Tour', 'Half-day or full-day shopping tour through Port Louis, Curepipe and Floréal, taking in arts and crafts, luxury boutiques, department stores and markets.', 'All day or half a day: Shopping in Mauritius can be a wonderful experience. Traditional arts and crafts, as well as the finest luxury products, can be found in various shopping centres and boutiques. There are also several department stores offering very attractive prices and vibrant markets where you can truly experience the rhythm of life in Mauritius. During this visit, you will have the opportunity to explore many places in an interesting day: Port-Louis, Curepipe and Floréal. Prices are per vehicle and not per person.', 'Taxi Sightseeing tours', 'Belle Mare Tours Ltd, Royal Road, Belle Mare, Mauritius. Pick-up and drop-off at all parts of the island.', NULL, NULL, 't', '{English,French}'::text[], '{"Full day transport to all the mentioned sites above","Pick-up and drop-off at all parts of the island"}'::text[], '{"Admission tickets","Lunch / meals (driver can recommend restaurants)"}'::text[], '{"Port-Louis (North West region)","Curepipe (Centre region)","Floréal (Centre region)"}'::text[], NULL, 'draft'::activity_status, NULL, NULL, NULL, '0', '2026-06-19 20:14:04.421184+00', '{}'::jsonb, NULL, 'vehicle', 'f', NULL, NULL, NULL, '1', 'f', 'f', '0');
insert into activities ("id", "operator_id", "slug", "type", "title", "summary", "description", "category", "location", "duration_minutes", "meeting_point", "pickup_available", "languages", "inclusions", "exclusions", "highlights", "cancellation_policy", "status", "seo_title", "seo_description", "rating_avg", "rating_count", "created_at", "extra", "daily_capacity", "pricing_mode", "is_custom_planner", "region", "lat", "lng", "min_advance_days", "is_airport_transfer", "is_hotel_transfer", "sort") values ('4cadf649-b9db-4911-96f4-cc10d67aa981', 'bb34e08d-d570-491e-8ff6-ca9d401b2a82', 'skydive', 'activity'::activity_type, 'Tandem Skydiving in Mauritius', 'Tandem skydive from 10,000 feet over Mon Loisir''s sugarcane fields, freefalling at 200 km/h before gliding down over the lagoons and reefs of the Indian Ocean.', 'Enjoy the spectacular views of Mauritius with a tandem skydive. Soar through the skies while securely harnessed to your experienced instructor. Experience a 360 degree view of the stunning coastline, interior, and mountains before your jump. This adrenaline-pumping activity is suitable for both beginners and experienced thrill-seekers alike. At 10,000 feet, you''ll freefall at 200 km/h for a minute, then glide for 5 minutes before landing safely. Feel the rush of excitement as you plummet towards the earth surrounded by breathtaking panoramas. Take off from Mon Loisir''s beautiful sugarcane fields overlooking the lagoons and reefs of the Indian Ocean. After the exhilarating experience, relax and reflect on your adventure while enjoying refreshments at the drop zone. The whole skydiving excursion lasts about 1 hour, including ground training, 25 minutes of flight, freefall, and parachute descent. Celebrate your bravery and sense of achievement with friends and family who can witness your jump and cheer you on. Receive a tandem skydiving certificate and opt for a DVD of your jump as a keepsake at an additional cost. Make sure to book in advance to secure your spot for this unforgettable adventure in Mauritius.', 'Air activities', 'Take off from Mon Loisir; Belle Mare Tours Ltd, Royal Road, Belle Mare, Mauritius. Arrive at least 15 minutes before the start time.', '60', NULL, 't', '{English,French}'::text[], '{"Tandem skydive from 10,000 feet","Ground training","25 minutes of flight","Freefall and parachute descent","Tandem skydiving certificate","Refreshments at the drop zone","Pickup and drop-off at all island locations"}'::text[], '{"DVD of your jump (additional cost: Rs 5000)","Photos (additional cost: Rs 6500)","Do not drink if you are driving your own transport"}'::text[], '{"360 degree panoramic views of the coastline, interior, and mountains","Take off from Mon Loisir''s sugarcane fields overlooking the lagoons and reefs of the Indian Ocean","Freefall at 200 km/h for one minute","Glide descent for 5 minutes","Refreshments at the drop zone"}'::text[], NULL, 'draft'::activity_status, NULL, NULL, NULL, '0', '2026-06-19 20:14:04.421184+00', '{}'::jsonb, NULL, 'per_person', 'f', 'North', NULL, NULL, '1', 'f', 'f', '0');
insert into activities ("id", "operator_id", "slug", "type", "title", "summary", "description", "category", "location", "duration_minutes", "meeting_point", "pickup_available", "languages", "inclusions", "exclusions", "highlights", "cancellation_policy", "status", "seo_title", "seo_description", "rating_avg", "rating_count", "created_at", "extra", "daily_capacity", "pricing_mode", "is_custom_planner", "region", "lat", "lng", "min_advance_days", "is_airport_transfer", "is_hotel_transfer", "sort") values ('1c5af259-7dca-4a18-9e53-3cf51e8c8b36', 'bb34e08d-d570-491e-8ff6-ca9d401b2a82', 'south-tour-mauritius', 'activity'::activity_type, 'Private South Tour Mauritius', 'Places to discover during this visit to the south: Trou Aux Cerfs (Volcan), Floréal (Shopping), Grand Bassin – Sacred lake of the Hindu temple, Black River Gorges – Viewpoint, Chamarel 7-color earth + waterfall, Viewpoint of Bénitier Island', 'In the highlands, discover the impressive Trou aux Cerfs, the crater of a volcano that has been extinct for 700,000 years. From there, you will have a stunning view of the mountainous ring of Mauritius.

During this visit, you will have the opportunity to explore many interesting places in one day: Trou aux Cerfs, Floréal, Grand Bassin, Gorges de la Rivière Noire, Chamarel, and a viewpoint over Île Bénitier. You can also customize this tour and organize outings based on your schedule. Additionally, you have the option to include other activities such as the Valley of Colors, the Curious Corner, and the Chamarel Rum Distillery.

Pick up and drop off from any hotel/accommodation location anywhere in Mauritius. You will have a personal driver-guide to show you around, inform you, and provide personalized service.', 'Taxi Sightseeing tours', 'South', '480', 'Pick-up and drop-off at all parts of the island', 't', '{English,French}'::text[], '{"Pick-up and drop-off at all parts of the island","Private transportation in a comfortable air-conditioned vehicle","Professional driver-guide Hotel","Pickup and drop-off at AirBnb and Hotel","A friendly English/French-speaking driver to guide you and provide information at each location"}'::text[], '{"Admission tickets: Visiting and lunch are not included in the prices."}'::text[], '{}'::text[], '50% cancellation fees apply 24 hours in advance', 'published'::activity_status, NULL, NULL, NULL, '0', '2026-06-15 20:22:04.913465+00', '{"itinerary": [{"area": "Curepipe", "tags": ["Visit", "Sightseeing", "Pictures", "Guided Tour"], "title": "Trou Aux Cerfs (Volcano)", "description": null}, {"area": "Curepipe", "tags": ["Visit", "Guided Tour", "Shopping"], "title": "Floréal", "description": null}, {"area": "Curepipe", "tags": ["Sightseeing", "Visit", "Guided Tour", "Pictures"], "title": "Grand Bassin – Sacred lake of the Hindu temple", "description": null}, {"area": "Center Region", "tags": ["Visit", "Guided Tour", "Pictures", "Scenic"], "title": "Black River Gorges", "description": null}, {"area": "South Region", "tags": ["Pictures", "Visit"], "title": "Chamarel 7-color earth + waterfall", "description": null}, {"area": "West Region", "tags": ["Sightseeing", "Visit", "Pictures", "Guided Tour"], "title": "Viewpoint of Bénitier Island", "description": null}]}'::jsonb, '10', 'vehicle', 'f', NULL, NULL, NULL, '1', 'f', 'f', '0');
insert into activities ("id", "operator_id", "slug", "type", "title", "summary", "description", "category", "location", "duration_minutes", "meeting_point", "pickup_available", "languages", "inclusions", "exclusions", "highlights", "cancellation_policy", "status", "seo_title", "seo_description", "rating_avg", "rating_count", "created_at", "extra", "daily_capacity", "pricing_mode", "is_custom_planner", "region", "lat", "lng", "min_advance_days", "is_airport_transfer", "is_hotel_transfer", "sort") values ('144de1ad-786f-4dc3-89f2-e635716c0040', 'bb34e08d-d570-491e-8ff6-ca9d401b2a82', 'south-west-splendor-expedition', 'activity'::activity_type, 'South West Splendor Expedition', 'A six-hour private tour of the south-west coast featuring the Le Morne UNESCO World Heritage site and beach, the Baie du Cap / Maconde viewpoint, the World of Seashells Museum, and the Lavilleon Adventure Park.', 'Embark on a six-hour journey exploring the majestic Le Morne World Heritage Site, serene Le Morne Beach, breathtaking Baie du Cap/Maconde Viewpoint, the fascinating World of Seashells Museum, and thrilling Lavilleon Adventure Park. Experience exclusive, tailored moments with a private vehicle, complimentary child seat, and flexible start times between 7:30-9:30 AM. The tour unveils stories of bravery and freedom at Le Morne, a UNESCO World Heritage mountain symbolizing cultural significance. Le Morne Beach offers soft white sands and crystal-clear waters for relaxation. Baie du Cap presents dramatic coastal views where ocean meets rugged cliffs. The World of Seashells Museum showcases one of the largest shell collections. Lavilleon Adventure Park offers zip-lining, archery, and outdoor activities in lush greenery.', 'Taxi Sightseeing tours', NULL, '360', NULL, 't', '{English,French}'::text[], '{"Pick up and drop off from any hotel or Airbnb in Mauritius","Private transportation to all the sights mentioned","An English/French-speaking driver to guide you and provide information","Complimentary child seat"}'::text[], '{"Entry ticket fees to the World of Seashells Museum and Lavilleon Adventure Park",Lunch}'::text[], '{"Le Morne World Heritage Site","Le Morne Beach","Baie du Cap / Maconde Viewpoint","World of Seashells Museum","Lavilleon Adventure Park"}'::text[], NULL, 'draft'::activity_status, NULL, NULL, NULL, '0', '2026-06-19 20:14:04.421184+00', '{}'::jsonb, NULL, 'vehicle', 'f', NULL, NULL, NULL, '1', 'f', 'f', '0');
insert into activities ("id", "operator_id", "slug", "type", "title", "summary", "description", "category", "location", "duration_minutes", "meeting_point", "pickup_available", "languages", "inclusions", "exclusions", "highlights", "cancellation_policy", "status", "seo_title", "seo_description", "rating_avg", "rating_count", "created_at", "extra", "daily_capacity", "pricing_mode", "is_custom_planner", "region", "lat", "lng", "min_advance_days", "is_airport_transfer", "is_hotel_transfer", "sort") values ('0067e1c1-e08c-4c1b-a2ea-d66e9e285d05', 'bb34e08d-d570-491e-8ff6-ca9d401b2a82', 'speed-boat-ile-aux-cerfs', 'activity'::activity_type, 'Full Day Speed Boat Ile Aux Cerf with Lunch', 'A full-day speedboat trip to Île aux Cerfs with turquoise lagoons, the Grande Rivière Sud Est waterfall, a BBQ lunch on Îlot Mangénie and optional water activities.', 'Enjoy an unforgettable experience with a boat trip to Île aux Cerfs. 

Discover and marvel at the stunning landscapes of the turquoise lagoons on the East Coast while relaxing on the fine sandy beach. Don''t miss the chance to visit the spectacular Grande Rivière Sud Est waterfall and savor a delicious lunch on Îlot Mangénie. 

Also take advantage of the numerous water activities available to enhance your day, such as parasailing, banana boat rides, buoy rides, or water skiing. A day full of adventures and unforgettable memories awaits you on this paradise island.', 'Speedboat Tours', 'Trou D''eau Douce', '360', 'Trou D''eau Douce', 't', '{English,French}'::text[], '{"BBQ lunch with salads, garlic butter bread, chicken, fish, sausage","Drinks: water, Coke, beer, wine, local rum","Flaming banana dessert","Pick-up and drop-off at all parts of the island"}'::text[], '{"Transport is arranged separately at additional cost","Water activities (parasailing, banana boat rides, buoy rides, water skiing) are optional/additional","Please do not drink if you are going to drive","Arrive at the boarding point at least 15 minutes before cruise start time"}'::text[], '{"Île aux Cerfs (Eastern Region)","BBQ lunch on Îlot Mangénie (Eastern Region)","Grande Rivière Sud Est (G.R.S.E) waterfall","Turquoise lagoons of the East Coast and fine sandy beaches"}'::text[], 'Full refund up to 24hours', 'published'::activity_status, NULL, NULL, NULL, '0', '2026-06-19 20:14:04.421184+00', '{}'::jsonb, NULL, 'per_person', 'f', 'East', NULL, NULL, '0', 'f', 'f', '0');
insert into activities ("id", "operator_id", "slug", "type", "title", "summary", "description", "category", "location", "duration_minutes", "meeting_point", "pickup_available", "languages", "inclusions", "exclusions", "highlights", "cancellation_policy", "status", "seo_title", "seo_description", "rating_avg", "rating_count", "created_at", "extra", "daily_capacity", "pricing_mode", "is_custom_planner", "region", "lat", "lng", "min_advance_days", "is_airport_transfer", "is_hotel_transfer", "sort") values ('4ed33705-839e-4b55-8546-cfbbf516775e', 'bb34e08d-d570-491e-8ff6-ca9d401b2a82', 'swim-with-dolphins-south-tours-all-inclusive', 'activity'::activity_type, 'Swim with Dolphins & South Tours All Inclusive', 'Sunrise speedboat swim with dolphins at Tamarin, then a southern road tour to Chamarel''s Seven Colored Earth, Black River Gorges, Grand Bassin and a rum distillery.', 'Depart at 6 AM from your hotel to Tamarin, witnessing the sunrise over the Indian Ocean. Board a speedboat to swim with dolphins in their natural habitat while exploring the western lagoon. Engage in diving and observe marine life, followed by snorkeling to experience the vibrant underwater world. At 10:30 AM, travel by taxi to Chamarel to visit the Seven Colored Earth and the island''s highest waterfall. Experience panoramic views of the Black River Gorges, Grand Bassin, Trou aux Cerfs, and Floreal. Visit the Chamarel Rum Distillery for rum tasting before returning to your hotel.', 'Dolphin swims', 'Hotel pick-up (all island locations); activity at Tamarin Bay with southern Mauritius road tour.', '480', NULL, 't', '{English,French}'::text[], '{"Pick-up and drop-off at all parts of the island","Swimming with dolphins",Transport,"Snorkeling gear (masks, fins, snorkels)",Towels}'::text[], '{"Swimwear (must be worn before visit starts)","Entrance fees and lunch"}'::text[], '{"Tamarin Bay","Benitier Island viewpoint","Chamarel (Seven Colored Earth and waterfall)","Black River Gorges","Grand Bassin (Ganga Talao)","Trou aux Cerfs",Floreal,"Chamarel Rum Distillery"}'::text[], NULL, 'draft'::activity_status, NULL, NULL, NULL, '0', '2026-06-19 20:14:04.421184+00', '{}'::jsonb, NULL, 'per_person', 'f', 'West', NULL, NULL, '1', 'f', 'f', '0');
insert into activities ("id", "operator_id", "slug", "type", "title", "summary", "description", "category", "location", "duration_minutes", "meeting_point", "pickup_available", "languages", "inclusions", "exclusions", "highlights", "cancellation_policy", "status", "seo_title", "seo_description", "rating_avg", "rating_count", "created_at", "extra", "daily_capacity", "pricing_mode", "is_custom_planner", "region", "lat", "lng", "min_advance_days", "is_airport_transfer", "is_hotel_transfer", "sort") values ('d29e7a9e-9197-4c05-afcc-ad9f370668c5', 'bb34e08d-d570-491e-8ff6-ca9d401b2a82', 'swimming-with-dolphins', 'activity'::activity_type, 'Swimming with Dolphins Only', 'Early-morning speedboat trip to Tamarin Bay to swim with wild dolphins in their natural habitat, followed by snorkeling over coral reefs.', 'Make your trip to Mauritius truly unforgettable with the magical experience of swimming alongside dolphins. Set off early at 7:30 AM on a speedboat and head to Tamarin Bay, where you''ll meet these incredible creatures in their natural habitat. Feel the thrill as you dive into crystal-clear waters and watch dolphins play just a few feet away. Listen to their calls, observe their graceful movements, and enjoy a unique moment of connection with nature. This extraordinary adventure will fill you with joy, wonder, and an unmatched sense of freedom.

After your dolphin encounter, explore the vibrant marine life beneath the waves. Snorkel through colorful coral reefs, swim alongside tropical fish, and discover the breathtaking underwater world of the Indian Ocean. Every moment is a chance to escape, recharge, and reconnect with the beauty of the sea. Don''t forget to capture these unforgettable memories with stunning photos.', 'Speedboat Tours', 'Tamarin', '180', 'Tamarin', 't', '{English,French}'::text[], '{"Snorkeling gear (masks, fins, snorkels)","Pick-up and drop-off at all parts of the island","Speedboat transportation to Tamarin Bay"}'::text[], '{"Swimwear (must be worn before visit starts)",Towels,"Payment for transportation (separate from tour price)"}'::text[], '{"Tamarin (West Region) - departure point","Swim with dolphins in Tamarin Bay in their natural habitat (West Region)","Snorkeling - explore colorful coral reefs and tropical fish in the Indian Ocean (West Region)"}'::text[], 'Full refund up to 24 hours', 'published'::activity_status, NULL, NULL, NULL, '0', '2026-06-19 20:14:04.421184+00', '{}'::jsonb, '10', 'per_person', 'f', 'West', NULL, NULL, '1', 'f', 'f', '0');
insert into activities ("id", "operator_id", "slug", "type", "title", "summary", "description", "category", "location", "duration_minutes", "meeting_point", "pickup_available", "languages", "inclusions", "exclusions", "highlights", "cancellation_policy", "status", "seo_title", "seo_description", "rating_avg", "rating_count", "created_at", "extra", "daily_capacity", "pricing_mode", "is_custom_planner", "region", "lat", "lng", "min_advance_days", "is_airport_transfer", "is_hotel_transfer", "sort") values ('f328f009-1ab5-442b-ab0a-90d052ffe3eb', 'bb34e08d-d570-491e-8ff6-ca9d401b2a82', 'swimming-with-dolphins-benitier-island-speedboat-all-inclusive', 'activity'::activity_type, 'Full day dolphin swimming Ile aux Bénitiers with lunch', 'Full-day speedboat excursion in western Mauritius: swim with dolphins, snorkel, visit Crystal Rock, and enjoy a barbecue lunch on Ile aux Benitiers.', 'This full-day speedboat excursion offers an immersive ocean experience in Mauritius''s western region. 

Guests encounter dolphins in their natural habitat, explore underwater ecosystems through snorkeling, visit the iconic Crystal Rock island formation, and conclude with a barbecue lunch on Ile aux Benitiers.

 The all-inclusive package combines wildlife observation with island exploration and dining.', 'Speedboat Tours', 'Tamarin', '420', 'Tamarin', 't', '{English,French}'::text[], '{"Dolphin swimming experience","Snorkeling with provided gear (masks, fins, snorkels)","Crystal Rock Island visit","Barbecue lunch (salads, garlic butter bread, grilled chicken, fish, sausage; water, Coke, beer, wine, local rum; flaming banana dessert)","Hotel pickup and dropoff (all island locations)"}'::text[], '{"Swimwear (must be worn before visit starts)",Towels}'::text[], '{"Swim with dolphins (Western Region)","Snorkeling (Western Region)","Visit Crystal Rock Island (Western Region)","Ile aux Benitiers barbecue lunch (Western Region)"}'::text[], 'Full refund up to 24 hours', 'published'::activity_status, NULL, NULL, NULL, '0', '2026-06-19 20:14:04.421184+00', '{}'::jsonb, '10', 'per_person', 'f', 'West', NULL, NULL, '2', 'f', 'f', '0');
insert into activities ("id", "operator_id", "slug", "type", "title", "summary", "description", "category", "location", "duration_minutes", "meeting_point", "pickup_available", "languages", "inclusions", "exclusions", "highlights", "cancellation_policy", "status", "seo_title", "seo_description", "rating_avg", "rating_count", "created_at", "extra", "daily_capacity", "pricing_mode", "is_custom_planner", "region", "lat", "lng", "min_advance_days", "is_airport_transfer", "is_hotel_transfer", "sort") values ('6527f2f3-5e9a-4823-956f-3079253e07d7', 'bb34e08d-d570-491e-8ff6-ca9d401b2a82', 'tea-tasting-tour', 'activity'::activity_type, 'Private South - Tea Tasting', 'Explore South Mauritius with a personal driver-guide, including Bois Chéri tea plantation/factory, Saint Aubin colonial house and rum distillery.', 'Bois Chéri is one of the most important tea factories on the island. You will discover the different stages of production while enjoying a nice cup of tea. You will have a personal driver-guide to take you on a tour and provide you with information, offering a personalized service. 

You can also customize this visit and plan activities according to your schedule. You may also add other activities such as Blue Bay (marine park) and the Naval Museum of Mahébourg. Details: First, you will explore Bois Chéri where you can see the tea plantation and visit the tea factory. Saint Aubin, also known as Maison Coloniale, was built in 1819, proudly showcasing its anthuriums and greenhouses, as well as its rum distillery. 

Then, we will visit Gris Gris to observe the waves crashing against the cliffs. Vanille Park is a sanctuary of the Mascarenes Islands, home to sunbathing crocodiles, bats, giant tortoises, and an insectarium with over 20,000 different species.', 'Taxi Sightseeing tours', 'South East', '480', NULL, 't', '{English,French}'::text[], '{"Pick up and drop off from any hotel or Airbnb’s in Mauritius.","Private transportation to all the sights mentioned above.","A friendly English/French-speaking driver to guide you and provide information at each location."}'::text[], '{"Lunch is not included in the package. Your driver/guide will suggest a restaurant based on your preferences, or you may request a stop at any restaurant of your choice along the way. Ultimately, the choice is yours.","Entry ticket fees to places such as the Tea Factory & La Vanille Nature Park are not included in the price. Please contact us for more information."}'::text[], '{"Regarding lunch, your driver can recommend good restaurants along the way.","Admission tickets: Visiting and lunch are not included in the prices.","The prices are per vehicle and not per person"}'::text[], 'Full refund', 'published'::activity_status, NULL, NULL, NULL, '0', '2026-06-15 20:54:49.994622+00', '{"itinerary": [{"area": "Center Region", "tags": ["Sightseeing", "Visit", "Pictures", "Guided Tour"], "title": "Bois Cheri Tea Factory and Musuem", "description": null}, {"area": "South Region", "tags": ["Visit", "Guided Tours", "Pictures"], "title": "Saint Aubin", "description": null}, {"area": "South Region", "tags": ["Pictures", "Beach", "Visit", "Sightseeing"], "title": "La Vanille Nature Park", "description": null}, {"area": "South Region", "tags": ["Visit", "Guided Tours"], "title": "Gris Gris Viewpoint", "description": null}]}'::jsonb, '10', 'vehicle', 'f', NULL, NULL, NULL, '1', 'f', 'f', '0');
insert into activities ("id", "operator_id", "slug", "type", "title", "summary", "description", "category", "location", "duration_minutes", "meeting_point", "pickup_available", "languages", "inclusions", "exclusions", "highlights", "cancellation_policy", "status", "seo_title", "seo_description", "rating_avg", "rating_count", "created_at", "extra", "daily_capacity", "pricing_mode", "is_custom_planner", "region", "lat", "lng", "min_advance_days", "is_airport_transfer", "is_hotel_transfer", "sort") values ('eae309cd-c243-4557-832b-102883ccc719', 'bb34e08d-d570-491e-8ff6-ca9d401b2a82', 'tea-wildlife-exploration', 'activity'::activity_type, 'Tea & Wildlife Exploration Tour', 'A private southern tour combining tea heritage and wildlife: the Bois Cheri tea factory and museum, the Domaine des Aubineaux colonial estate, La Vanille Nature Park with giant tortoises and crocodiles, and the Gris Gris coastal viewpoint.', 'Explore Mauritius in comfort and style with Taxi Service Mauritius''s exclusive Tea & Wildlife Exploration Tour. Our private tours ensure personalized attention as you journey through the island''s most enchanting destinations. With a dedicated vehicle and driver at your service, enjoy the freedom to explore at your own pace. At Bois Cheri Tea Factory & Museum, delve into the rich history of Mauritius'' tea industry. Witness the tea-making process from leaf to cup and savour the aroma of freshly brewed blends. Explore the museum and learn about the cultural significance of tea on the island. Nestled amidst lush sugarcane fields, Domaine de St Aubin offers a glimpse into Mauritius'' colonial past. Wander through the beautifully preserved estate, admiring its elegant architecture and vibrant gardens. Step back in time at Domaine des Aubineaux, a charming colonial house in the heart of a fragrant tea plantation. Marvel at the exquisite architecture and stroll through meticulously landscaped gardens. Prepare for an adventure at La Vanille Crocodile Nature Park, home to diverse wildlife. Encounter giant tortoises, colourful butterflies, and majestic crocodiles as you explore the lush surroundings. Marvel at the breathtaking beauty of Gris Gris Viewpoint, where rugged cliffs meet the endless expanse of the Indian Ocean. End your journey at Senneville Cliffs, a hidden gem offering sweeping vistas of Mauritius'' dramatic coastline.', 'Taxi Sightseeing tours', NULL, '360', NULL, 't', '{English,French}'::text[], '{"Pick up and drop off from any hotel or Airbnb''s in Mauritius","Private transportation to all the sights mentioned above","A friendly English/French-speaking driver to guide you","First child seat ordered is free of charge"}'::text[], '{"Entry ticket fees to places such as the Tea Factory & La Vanille Nature Park",Lunch}'::text[], '{"Trou aux Cerfs Volcano Crater","Grand Bassin (Ganga Talao)","Bois Cheri Tea Factory & Museum","Domaine des Aubineaux","La Vanille Nature Park","Gris Gris Viewpoint"}'::text[], NULL, 'draft'::activity_status, NULL, NULL, NULL, '0', '2026-06-19 20:14:04.421184+00', '{}'::jsonb, NULL, 'vehicle', 'f', NULL, NULL, NULL, '1', 'f', 'f', '0');
insert into activities ("id", "operator_id", "slug", "type", "title", "summary", "description", "category", "location", "duration_minutes", "meeting_point", "pickup_available", "languages", "inclusions", "exclusions", "highlights", "cancellation_policy", "status", "seo_title", "seo_description", "rating_avg", "rating_count", "created_at", "extra", "daily_capacity", "pricing_mode", "is_custom_planner", "region", "lat", "lng", "min_advance_days", "is_airport_transfer", "is_hotel_transfer", "sort") values ('c0d11d15-ab7a-4ca0-9085-0af44c6ade2a', 'bb34e08d-d570-491e-8ff6-ca9d401b2a82', 'the-blue-cruise-ile-aux-cerfs-5-islands-visit', 'activity'::activity_type, 'Full Day 5 Islands tour Ile Aux Cerfs  with Lunch', 'A full-day speedboat excursion from Trou d''Eau Douce taking in the GRSE waterfall, snorkeling among coral gardens, five islands, a BBQ lunch and the beaches of northern Île aux Cerfs.', 'This speedboat excursion from Trou d''Eau Douce promises a total escape. 

Your adventure begins with the discovery of the majestic Grande Rivière Sud-Est waterfall, a breathtaking natural spectacle. Next, dive into a true natural aquarium during a snorkeling session. Explore coral gardens and swim among vibrant tropical fish.

 Continue your journey through the hidden gems of the coast: Île aux Aigrettes, Île aux Prison, and Île aux Phare. Each stop offers its share of surprises, from fascinating stories to pristine landscapes. 

The highlight of the day? A delicious BBQ lunch in an idyllic setting on the southern part of Île aux Cerfs. Savor local flavors with your feet in the sand, gently caressed by the sea breeze. To end this magical day, relax on the paradisiacal beaches of northern Île aux Cerfs, where the turquoise lagoon invites you to swim and unwind.', 'Speedboat Tours', 'Trou d''Eau Douce', '420', 'Trou D''eau Douce', 't', '{English,French}'::text[], '{"Lunch and drinks","BBQ lunch with salads, garlic butter bread, chicken, fish, sausage","Drinks: water, Coke, beer, wine, local rum","Flaming banana dessert","Snorkeling session","Visit to five islands",Pickup(optional)}'::text[], '{"Please do not drink if you are going to drive","Arrive at the boarding point at least 15 minutes before cruise start time"}'::text[], '{"Grande Rivière Sud-Est (GRSE) waterfall","Snorkeling among coral gardens and tropical fish at Eau Bleue","Île aux Aigrettes (Southeast Region)","Île aux Prison (Southeast Region)","Île Phare / Île aux Phare (Southeast Region)","BBQ lunch on the southern part of Île aux Cerfs","Beaches of northern Île aux Cerfs and the turquoise lagoon"}'::text[], 'Full refund up to 24 hours', 'published'::activity_status, NULL, NULL, NULL, '0', '2026-06-19 20:14:04.421184+00', '{"itinerary": [{"area": null, "tags": [], "title": "Trou d''eau douce", "description": "Departure"}, {"area": null, "tags": [], "title": "Ile aux cerfs", "description": "Visit Sightseeing"}, {"area": null, "tags": [], "title": "G.R.S.E Waterfall", "description": "Visit Sightseeing"}, {"area": null, "tags": [], "title": "ile aux phare", "description": "Visit Sightseeing"}, {"area": null, "tags": [], "title": "Ile de passe", "description": "Photos"}, {"area": null, "tags": [], "title": "Aigrette island", "description": "Swimming,Snorkeling"}, {"area": null, "tags": [], "title": "Ile aux cerf Island", "description": "Lunch Bbq and drinks on the beach"}], "startWindow": "09:00"}'::jsonb, '10', 'per_person', 'f', 'East', NULL, NULL, '1', 'f', 'f', '0');
insert into activities ("id", "operator_id", "slug", "type", "title", "summary", "description", "category", "location", "duration_minutes", "meeting_point", "pickup_available", "languages", "inclusions", "exclusions", "highlights", "cancellation_policy", "status", "seo_title", "seo_description", "rating_avg", "rating_count", "created_at", "extra", "daily_capacity", "pricing_mode", "is_custom_planner", "region", "lat", "lng", "min_advance_days", "is_airport_transfer", "is_hotel_transfer", "sort") values ('dcad49d8-35c3-4454-a6e6-cf96743b32b9', 'bb34e08d-d570-491e-8ff6-ca9d401b2a82', 'underwater-sea-walk-excursion', 'activity'::activity_type, 'Underwater Sea Walk Excursion', 'Walk on the ocean floor at a depth of 10-13 feet in a diving suit, accompanied by experienced instructors, to observe marine fauna and flora.', 'Equipped with a diving suit and accompanied by experienced instructors, dive into the underwater world at a depth of 10-13 feet for an unforgettable and enriching experience. 

Explore the ocean floor, observe the marine fauna and flora in their natural habitat, and let yourself be amazed by the beauty and diversity of this fascinating universe. Take advantage of this unique adventure to marvel at nature and learn more about marine life.', 'Sea & water activities', 'Belle Mare beach', '30', 'Belle Mare', 't', '{English,French}'::text[], '{"Diving suit provided","Experienced instructors","Underwater exploration at a depth of 10-13 feet","Pick-up and drop-off at all parts of the island"}'::text[], '{"Do not drink if you are going to drive","If using your own transport, arrive at least 15 minutes early"}'::text[], '{"Walk on the ocean floor in a diving suit","Observe marine fauna and flora in their natural habitat","Experience the beauty and diversity of the underwater world"}'::text[], 'Full Refund up to 24 Hours', 'published'::activity_status, NULL, NULL, NULL, '0', '2026-06-19 20:14:04.421184+00', '{"startWindow": "09:00 - 14:00"}'::jsonb, '10', 'per_person', 'f', 'West', NULL, NULL, '1', 'f', 'f', '0');
insert into activities ("id", "operator_id", "slug", "type", "title", "summary", "description", "category", "location", "duration_minutes", "meeting_point", "pickup_available", "languages", "inclusions", "exclusions", "highlights", "cancellation_policy", "status", "seo_title", "seo_description", "rating_avg", "rating_count", "created_at", "extra", "daily_capacity", "pricing_mode", "is_custom_planner", "region", "lat", "lng", "min_advance_days", "is_airport_transfer", "is_hotel_transfer", "sort") values ('1bfe0559-037f-40f7-8384-4ae938f6b23d', 'bb34e08d-d570-491e-8ff6-ca9d401b2a82', 'visit-to-ambre-island-by-kayak', 'activity'::activity_type, 'Visit To Ambre Island By Kayak', 'Kayak through the tranquil mangroves of Amber Island, explore its hidden corners and ancient ruins, and relax on Bernache Island.', 'Kayak through the mangroves of Amber Island and discover its environment in a unique and immersive way. Take in the natural beauty that surrounds these tranquil waters and observe the local wildlife and flora in their natural habitat.

 Explore the hidden corners of the island, dive into its fascinating past by visiting ancient ruins and uncovering the thrilling stories that surround them. Invite your entire extended family, including grandparents, uncles, aunts, as well as your closest friends, to join you on this unforgettable adventure in Mauritius. Your kayak excursion will begin with a detailed safety briefing, followed by a peaceful paddle through the lagoon and lush mangroves. 

Let yourself be swept away by the picturesque landscapes and crystal-clear waters as you navigate through the shaded waterways and small scenic islets that dot the region. Extend your exploration of Amber Island, soak in its serenity, and discover the mysteries that lie behind every corner. Finally, treat yourself to a well-deserved moment of relaxation on Bernache Island, where you can recharge and absorb the natural beauty that surrounds you before heading back to solid ground, stars in your eyes and unforgettable memories in your heart.', 'Sea & water activities', 'Saint Antoinne, Poudre D''or', NULL, 'Saint Antoinne, Poudre D''or', 't', '{English,French}'::text[], '{"Safety briefing","Kayak paddling through the lagoon and mangroves","Exploration of Amber Island","Visit to Bernache Island for relaxation","Pick-up and drop-off at all parts of the island"}'::text[], '{"Do not drink if you are going to drive","Arrive at least 15 minutes before the start time","If using your own transport, directions to the boarding point are available on Google Maps"}'::text[], '{"Safety briefing","Paddle through the lagoon and lush mangroves","Navigate shaded waterways and scenic islets","Explore Amber Island''s hidden corners and ancient ruins","Relax on Bernache Island"}'::text[], 'Full refund up to 24 Hours', 'published'::activity_status, NULL, NULL, NULL, '0', '2026-06-19 20:14:04.421184+00', '{"startWindow": "09:00 - 11:00"}'::jsonb, '10', 'per_person', 'f', 'West', NULL, NULL, '2', 'f', 'f', '0');
insert into activities ("id", "operator_id", "slug", "type", "title", "summary", "description", "category", "location", "duration_minutes", "meeting_point", "pickup_available", "languages", "inclusions", "exclusions", "highlights", "cancellation_policy", "status", "seo_title", "seo_description", "rating_avg", "rating_count", "created_at", "extra", "daily_capacity", "pricing_mode", "is_custom_planner", "region", "lat", "lng", "min_advance_days", "is_airport_transfer", "is_hotel_transfer", "sort") values ('c82ee24e-5841-4d0f-93f2-18b226638317', 'bb34e08d-d570-491e-8ff6-ca9d401b2a82', 'western-cruise-catamaran', 'activity'::activity_type, 'Western Cruise Catamaran', 'Head towards Tamarin Bay to search for dolphins in their natural habitat, snorkel near a coral reef, and enjoy lunch at anchor by Crystal Rock.', 'Heading towards Tamarin Bay to search for dolphins in their natural habitat, offering a magical and unforgettable experience observing these majestic creatures in the late morning. The tour includes a stop near a beautiful coral reef for snorkeling in crystal-clear waters to discover underwater life''s incredible beauty and diversity. A delicious lunch is served at anchor while viewing Crystal Rock shimmering under the tropical sun.', 'Catamaran cruises', 'Black River, Tamarin', '420', NULL, 't', '{English,French}'::text[], '{"Lunch on board: salads","Garlic butter bread","Chicken, fish, sausage","Water, Coke, beer, wine, local rum","Flaming banana","Fruit salads",Snorkeling}'::text[], '{"Please, do not drink if you are going to drive!","Arrive at boarding point at least 15 minutes before start","Own transport requires directions from Google Maps"}'::text[], '{"Departure from Black River (West region)","Dolphin watching at Tamarin Bay","Crystal Rock snorkeling (West region)","Benitier Island (West region)","Lunch on board (West region)"}'::text[], NULL, 'published'::activity_status, NULL, NULL, NULL, '0', '2026-06-19 20:14:04.421184+00', '{"itinerary": [{"area": null, "tags": [], "title": "Black River", "description": "Departure"}, {"area": "Secret Spot", "tags": [], "title": "Tamarin", "description": "Dolphin Watching"}, {"area": null, "tags": [], "title": "Crystal Rock, Tamarin", "description": "Snorkeling"}, {"area": null, "tags": [], "title": "Benitier Island", "description": "Lunch on Board"}]}'::jsonb, '10', 'per_person', 'f', 'West', NULL, NULL, '1', 'f', 'f', '0');

-- activity_options (51 rows)
insert into activity_options ("id", "activity_id", "name", "description", "status", "position", "created_at", "duration_minutes", "start_window", "private_base_minor", "private_included", "private_extra_minor", "private_max_guests", "daily_capacity") values ('1f9f6a0e-4b06-43ae-88d8-3c17987aa935', '0067e1c1-e08c-4c1b-a2ea-d66e9e285d05', 'Standard', NULL, 'active', '0', '2026-06-19 20:14:04.421184+00', NULL, NULL, NULL, NULL, NULL, NULL, NULL);
insert into activity_options ("id", "activity_id", "name", "description", "status", "position", "created_at", "duration_minutes", "start_window", "private_base_minor", "private_included", "private_extra_minor", "private_max_guests", "daily_capacity") values ('90ff5bfb-b212-4fbf-90cd-8e43b5f1f97e', '1172d187-6f22-488d-bb76-ba8c6a4715c7', 'Private Group', NULL, 'active', '0', '2026-06-19 20:14:04.421184+00', NULL, NULL, NULL, NULL, NULL, NULL, NULL);
insert into activity_options ("id", "activity_id", "name", "description", "status", "position", "created_at", "duration_minutes", "start_window", "private_base_minor", "private_included", "private_extra_minor", "private_max_guests", "daily_capacity") values ('458c486e-f627-450e-98fc-32e740f42dbf', '13fb9ed9-2386-43aa-8e8c-87dac1f5f9fb', 'Private Group', NULL, 'active', '0', '2026-06-19 20:14:04.421184+00', NULL, NULL, NULL, NULL, NULL, NULL, NULL);
insert into activity_options ("id", "activity_id", "name", "description", "status", "position", "created_at", "duration_minutes", "start_window", "private_base_minor", "private_included", "private_extra_minor", "private_max_guests", "daily_capacity") values ('13c0e317-8e59-4c0a-8954-3413f68948bb', '144de1ad-786f-4dc3-89f2-e635716c0040', 'Private Group', NULL, 'active', '0', '2026-06-19 20:14:04.421184+00', NULL, NULL, NULL, NULL, NULL, NULL, NULL);
insert into activity_options ("id", "activity_id", "name", "description", "status", "position", "created_at", "duration_minutes", "start_window", "private_base_minor", "private_included", "private_extra_minor", "private_max_guests", "daily_capacity") values ('e1b7d74e-a9a0-4da9-a0b0-b2d5a0029f03', '177e8323-a359-4233-852a-c3a7ae083759', 'Sunset - Cocktail only 2 hours', NULL, 'active', '0', '2026-06-19 20:14:04.421184+00', NULL, NULL, NULL, NULL, NULL, NULL, NULL);
insert into activity_options ("id", "activity_id", "name", "description", "status", "position", "created_at", "duration_minutes", "start_window", "private_base_minor", "private_included", "private_extra_minor", "private_max_guests", "daily_capacity") values ('a053b20b-6e30-44e8-a17e-b97508217576', '177e8323-a359-4233-852a-c3a7ae083759', 'Sunset - Dinner 4 hours', NULL, 'active', '1', '2026-07-01 17:20:52.492687+00', NULL, NULL, NULL, NULL, NULL, NULL, NULL);
insert into activity_options ("id", "activity_id", "name", "description", "status", "position", "created_at", "duration_minutes", "start_window", "private_base_minor", "private_included", "private_extra_minor", "private_max_guests", "daily_capacity") values ('45fc1b9c-2221-4aed-abfb-62caef362df8', '1bfe0559-037f-40f7-8384-4ae938f6b23d', 'Standard', NULL, 'active', '0', '2026-06-19 20:14:04.421184+00', NULL, NULL, NULL, NULL, NULL, NULL, NULL);
insert into activity_options ("id", "activity_id", "name", "description", "status", "position", "created_at", "duration_minutes", "start_window", "private_base_minor", "private_included", "private_extra_minor", "private_max_guests", "daily_capacity") values ('751f987c-69fb-466e-bb99-6de70f41bcc7', '1c5af259-7dca-4a18-9e53-3cf51e8c8b36', 'Private Group of 4', NULL, 'active', '0', '2026-06-16 08:32:34.704445+00', NULL, NULL, NULL, NULL, NULL, NULL, NULL);
insert into activity_options ("id", "activity_id", "name", "description", "status", "position", "created_at", "duration_minutes", "start_window", "private_base_minor", "private_included", "private_extra_minor", "private_max_guests", "daily_capacity") values ('dd18a615-e9d6-4304-a095-cf5b0939acef', '2402ab1e-1695-4485-a120-561d08797854', 'Private Group', NULL, 'active', '0', '2026-06-19 20:14:04.421184+00', NULL, NULL, NULL, NULL, NULL, NULL, NULL);
insert into activity_options ("id", "activity_id", "name", "description", "status", "position", "created_at", "duration_minutes", "start_window", "private_base_minor", "private_included", "private_extra_minor", "private_max_guests", "daily_capacity") values ('df8df52c-ed23-43c9-b02d-4fc7d290ef32', '268a885f-c018-452e-add8-9cf72ecc2f60', 'Half-Day Boat Trip', NULL, 'active', '0', '2026-06-19 20:14:04.421184+00', NULL, NULL, NULL, NULL, NULL, NULL, NULL);
insert into activity_options ("id", "activity_id", "name", "description", "status", "position", "created_at", "duration_minutes", "start_window", "private_base_minor", "private_included", "private_extra_minor", "private_max_guests", "daily_capacity") values ('546116a9-2856-4248-9908-68939a14ddca', '268a885f-c018-452e-add8-9cf72ecc2f60', 'Full Day Boat Trip', NULL, 'active', '1', '2026-06-19 20:21:54.408504+00', NULL, NULL, NULL, NULL, NULL, NULL, NULL);
insert into activity_options ("id", "activity_id", "name", "description", "status", "position", "created_at", "duration_minutes", "start_window", "private_base_minor", "private_included", "private_extra_minor", "private_max_guests", "daily_capacity") values ('8e2e84cb-35eb-4291-bbd9-a02f955c2359', '2938b5c4-9734-4dfd-84c0-4bfc46e9facb', 'Private Group', NULL, 'active', '0', '2026-06-19 20:14:04.421184+00', NULL, NULL, NULL, NULL, NULL, NULL, NULL);
insert into activity_options ("id", "activity_id", "name", "description", "status", "position", "created_at", "duration_minutes", "start_window", "private_base_minor", "private_included", "private_extra_minor", "private_max_guests", "daily_capacity") values ('79d11650-2edc-42d8-8347-6a0dd077ae74', '2d78f6bf-902a-4296-ade4-5fa52a67cc65', 'Entrance Fee', NULL, 'active', '0', '2026-06-19 20:14:04.421184+00', NULL, NULL, NULL, NULL, NULL, NULL, NULL);
insert into activity_options ("id", "activity_id", "name", "description", "status", "position", "created_at", "duration_minutes", "start_window", "private_base_minor", "private_included", "private_extra_minor", "private_max_guests", "daily_capacity") values ('cdf69f7c-8614-4287-bdee-ad485f49aaf7', '3da3c977-1c1a-4ca4-8aa6-4e5146460df7', 'Standard', NULL, 'active', '0', '2026-06-19 20:14:04.421184+00', NULL, NULL, NULL, NULL, NULL, NULL, NULL);
insert into activity_options ("id", "activity_id", "name", "description", "status", "position", "created_at", "duration_minutes", "start_window", "private_base_minor", "private_included", "private_extra_minor", "private_max_guests", "daily_capacity") values ('559b6a31-436d-453c-a656-9d088f4868d0', '419bcd80-9ba2-4cc8-adbe-db96d89831d2', 'Standard', NULL, 'active', '0', '2026-06-19 20:14:04.421184+00', NULL, NULL, NULL, NULL, NULL, NULL, NULL);
insert into activity_options ("id", "activity_id", "name", "description", "status", "position", "created_at", "duration_minutes", "start_window", "private_base_minor", "private_included", "private_extra_minor", "private_max_guests", "daily_capacity") values ('bc971568-79d4-4dff-9e46-ee2f2a902644', '46812499-46a5-482c-ac5c-b035b02929b3', 'Standard', NULL, 'active', '0', '2026-06-19 20:14:04.421184+00', NULL, NULL, NULL, NULL, NULL, NULL, NULL);
insert into activity_options ("id", "activity_id", "name", "description", "status", "position", "created_at", "duration_minutes", "start_window", "private_base_minor", "private_included", "private_extra_minor", "private_max_guests", "daily_capacity") values ('e66787e5-60ac-485a-85c4-88148bc6071b', '46f8ee0b-3c53-4c77-9461-a8d6a237267e', 'Standard', NULL, 'active', '0', '2026-06-19 20:14:04.421184+00', NULL, NULL, NULL, NULL, NULL, NULL, NULL);
insert into activity_options ("id", "activity_id", "name", "description", "status", "position", "created_at", "duration_minutes", "start_window", "private_base_minor", "private_included", "private_extra_minor", "private_max_guests", "daily_capacity") values ('02a8a539-8720-4219-b737-3a47b40ada69', '4c1ec0a9-00ce-49d6-8554-da65bf3a74c6', 'Private vehicle', NULL, 'active', '0', '2026-06-17 22:31:27.128993+00', NULL, NULL, NULL, NULL, NULL, NULL, NULL);
insert into activity_options ("id", "activity_id", "name", "description", "status", "position", "created_at", "duration_minutes", "start_window", "private_base_minor", "private_included", "private_extra_minor", "private_max_guests", "daily_capacity") values ('dba011d5-cd81-4067-9a13-03e0bec6f546', '4cadf649-b9db-4911-96f4-cc10d67aa981', 'Standard', NULL, 'active', '0', '2026-06-19 20:14:04.421184+00', NULL, NULL, NULL, NULL, NULL, NULL, NULL);
insert into activity_options ("id", "activity_id", "name", "description", "status", "position", "created_at", "duration_minutes", "start_window", "private_base_minor", "private_included", "private_extra_minor", "private_max_guests", "daily_capacity") values ('8a4a4c2c-53ec-41b3-a7e9-b9924dede261', '4dc413ac-04ef-433b-b0c3-b93b224c6e05', 'Standard', NULL, 'active', '0', '2026-06-19 20:14:04.421184+00', NULL, NULL, NULL, NULL, NULL, NULL, NULL);
insert into activity_options ("id", "activity_id", "name", "description", "status", "position", "created_at", "duration_minutes", "start_window", "private_base_minor", "private_included", "private_extra_minor", "private_max_guests", "daily_capacity") values ('3897869d-840d-4ff7-a4e3-6b817914fb08', '4ed33705-839e-4b55-8546-cfbbf516775e', 'Standard', NULL, 'active', '0', '2026-06-19 20:14:04.421184+00', NULL, NULL, NULL, NULL, NULL, NULL, NULL);
insert into activity_options ("id", "activity_id", "name", "description", "status", "position", "created_at", "duration_minutes", "start_window", "private_base_minor", "private_included", "private_extra_minor", "private_max_guests", "daily_capacity") values ('7f41475d-1a3e-493a-a92f-91029a34bd34', '4ffb45b2-365d-4884-afbc-84aca75de00f', 'Private Group', NULL, 'active', '0', '2026-07-08 17:23:59.302969+00', '480', '09:00', '75000', '4', '3000', '20', NULL);
insert into activity_options ("id", "activity_id", "name", "description", "status", "position", "created_at", "duration_minutes", "start_window", "private_base_minor", "private_included", "private_extra_minor", "private_max_guests", "daily_capacity") values ('74e0e150-43a6-4918-9b6c-29f97fd12318', '56e84f5b-ac60-486c-8937-3aee22812365', 'Standard', NULL, 'active', '0', '2026-06-19 20:14:04.421184+00', NULL, NULL, NULL, NULL, NULL, NULL, NULL);
insert into activity_options ("id", "activity_id", "name", "description", "status", "position", "created_at", "duration_minutes", "start_window", "private_base_minor", "private_included", "private_extra_minor", "private_max_guests", "daily_capacity") values ('882658bb-fbf2-4fe3-8acf-c7414e47c0be', '59d694e1-e076-4cec-b761-b462687e26a0', 'Standard Sharing Basis', NULL, 'active', '0', '2026-06-19 20:14:04.421184+00', '419', '09:00', NULL, NULL, NULL, NULL, NULL);
insert into activity_options ("id", "activity_id", "name", "description", "status", "position", "created_at", "duration_minutes", "start_window", "private_base_minor", "private_included", "private_extra_minor", "private_max_guests", "daily_capacity") values ('12114a1e-cbbb-4577-8ed9-697b3d840e9e', '6527f2f3-5e9a-4823-956f-3079253e07d7', 'Group of 4', NULL, 'active', '0', '2026-06-16 10:29:54.798427+00', NULL, NULL, NULL, NULL, NULL, NULL, NULL);
insert into activity_options ("id", "activity_id", "name", "description", "status", "position", "created_at", "duration_minutes", "start_window", "private_base_minor", "private_included", "private_extra_minor", "private_max_guests", "daily_capacity") values ('e25562cc-6283-450a-a7de-7b760e8a2d1e', '67b2f533-d3c5-47cb-98cf-456c45f44130', 'Morning Session', NULL, 'active', '0', '2026-07-07 15:42:00.986155+00', '60', '09:00', NULL, NULL, NULL, NULL, NULL);
insert into activity_options ("id", "activity_id", "name", "description", "status", "position", "created_at", "duration_minutes", "start_window", "private_base_minor", "private_included", "private_extra_minor", "private_max_guests", "daily_capacity") values ('347dfe6f-363c-4d07-b020-bcb30a2c66f1', '67b2f533-d3c5-47cb-98cf-456c45f44130', 'Afternoon Session', NULL, 'active', '1', '2026-07-07 15:42:01.795757+00', '60', '16:00', NULL, NULL, NULL, NULL, NULL);
insert into activity_options ("id", "activity_id", "name", "description", "status", "position", "created_at", "duration_minutes", "start_window", "private_base_minor", "private_included", "private_extra_minor", "private_max_guests", "daily_capacity") values ('59923fef-ebea-4df6-a2c0-28e3289e03ac', '6e06520e-4032-4b08-b91e-0bfc76d442b0', 'Private Group', NULL, 'active', '0', '2026-06-19 20:14:04.421184+00', NULL, NULL, NULL, NULL, NULL, NULL, NULL);
insert into activity_options ("id", "activity_id", "name", "description", "status", "position", "created_at", "duration_minutes", "start_window", "private_base_minor", "private_included", "private_extra_minor", "private_max_guests", "daily_capacity") values ('865d3cae-5151-4177-8368-4d2874e412ad', '83ec6f71-6e52-4406-ad53-74ab45d1bd21', 'Private Group', NULL, 'active', '0', '2026-07-13 17:47:54.412405+00', '420', '09:00', '40000', '4', '3000', '15', NULL);
insert into activity_options ("id", "activity_id", "name", "description", "status", "position", "created_at", "duration_minutes", "start_window", "private_base_minor", "private_included", "private_extra_minor", "private_max_guests", "daily_capacity") values ('75a422b8-7ae1-440f-8842-256ebf4e72a4', '8d143960-f55b-4658-9a9d-d798726207f0', 'Private group', NULL, 'active', '0', '2026-07-13 17:16:16.205858+00', '420', '09:00', '67500', '4', '3000', '15', NULL);
insert into activity_options ("id", "activity_id", "name", "description", "status", "position", "created_at", "duration_minutes", "start_window", "private_base_minor", "private_included", "private_extra_minor", "private_max_guests", "daily_capacity") values ('1165007d-2505-4cc5-8c87-b647d6f60505', '9962c783-f94a-41b3-bc9f-db2980aefe6b', 'Standard', NULL, 'active', '0', '2026-06-19 20:14:04.421184+00', NULL, NULL, NULL, NULL, NULL, NULL, NULL);
insert into activity_options ("id", "activity_id", "name", "description", "status", "position", "created_at", "duration_minutes", "start_window", "private_base_minor", "private_included", "private_extra_minor", "private_max_guests", "daily_capacity") values ('646fbc87-98b7-4828-bcbb-fe8ad99d88a8', 'a018aae0-dcff-4d87-8744-6d1931288eda', 'Per transfer', NULL, 'active', '0', '2026-06-24 22:38:54.345953+00', NULL, NULL, NULL, NULL, NULL, NULL, NULL);
insert into activity_options ("id", "activity_id", "name", "description", "status", "position", "created_at", "duration_minutes", "start_window", "private_base_minor", "private_included", "private_extra_minor", "private_max_guests", "daily_capacity") values ('d92b4c6b-7a9b-4776-8b0c-63891f5b8486', 'a23001d8-f1a1-407e-9ab3-7075f4ff14ac', 'Entrance Fee', NULL, 'active', '0', '2026-07-05 10:26:25.192796+00', NULL, NULL, NULL, NULL, NULL, NULL, NULL);
insert into activity_options ("id", "activity_id", "name", "description", "status", "position", "created_at", "duration_minutes", "start_window", "private_base_minor", "private_included", "private_extra_minor", "private_max_guests", "daily_capacity") values ('7ca7768e-c600-4b93-a19a-ed0db671b5e2', 'a9164fa6-a19b-4789-866f-0f967dcde449', 'Private Group', NULL, 'active', '0', '2026-06-16 00:05:34.991714+00', NULL, NULL, NULL, NULL, NULL, NULL, NULL);
insert into activity_options ("id", "activity_id", "name", "description", "status", "position", "created_at", "duration_minutes", "start_window", "private_base_minor", "private_included", "private_extra_minor", "private_max_guests", "daily_capacity") values ('bf3315dd-2cfb-47b7-934d-7ef2a60c7005', 'bfb6c5df-ccdc-4090-bd86-a1b7491c35b6', 'Standard', NULL, 'active', '0', '2026-06-19 20:14:04.421184+00', NULL, NULL, NULL, NULL, NULL, NULL, NULL);
insert into activity_options ("id", "activity_id", "name", "description", "status", "position", "created_at", "duration_minutes", "start_window", "private_base_minor", "private_included", "private_extra_minor", "private_max_guests", "daily_capacity") values ('67a965fa-48d7-401f-8d82-d771326b37c8', 'c0d11d15-ab7a-4ca0-9085-0af44c6ade2a', 'Standard', NULL, 'active', '0', '2026-06-19 20:14:04.421184+00', NULL, NULL, NULL, NULL, NULL, NULL, NULL);
insert into activity_options ("id", "activity_id", "name", "description", "status", "position", "created_at", "duration_minutes", "start_window", "private_base_minor", "private_included", "private_extra_minor", "private_max_guests", "daily_capacity") values ('f904ae1f-aafe-4116-a5b4-c43e70667cec', 'c82ee24e-5841-4d0f-93f2-18b226638317', 'Standard, Sharing Basis', NULL, 'active', '0', '2026-06-19 20:14:04.421184+00', '420', '09:00', NULL, NULL, NULL, NULL, NULL);
insert into activity_options ("id", "activity_id", "name", "description", "status", "position", "created_at", "duration_minutes", "start_window", "private_base_minor", "private_included", "private_extra_minor", "private_max_guests", "daily_capacity") values ('b54a11ab-fad4-4c23-b8b5-d6226bca9a73', 'c82ee24e-5841-4d0f-93f2-18b226638317', 'Private Group Up To 4 Person', NULL, 'active', '1', '2026-07-10 18:20:23.048806+00', '420', '09:00', '55000', '4', '3000', '20', NULL);
insert into activity_options ("id", "activity_id", "name", "description", "status", "position", "created_at", "duration_minutes", "start_window", "private_base_minor", "private_included", "private_extra_minor", "private_max_guests", "daily_capacity") values ('54f8a679-95aa-4b28-8992-bb7b5e0e2c57', 'ca8a0ff4-e24d-4712-ac91-457ee60d6c04', 'Private Group up to 4 persons', NULL, 'active', '0', '2026-07-12 16:34:57.582117+00', NULL, NULL, '70000', '4', '2500', '19', NULL);
insert into activity_options ("id", "activity_id", "name", "description", "status", "position", "created_at", "duration_minutes", "start_window", "private_base_minor", "private_included", "private_extra_minor", "private_max_guests", "daily_capacity") values ('3b8d97f6-1f42-47a0-bbee-55fb63305a67', 'd29e7a9e-9197-4c05-afcc-ad9f370668c5', 'Standard', NULL, 'active', '0', '2026-06-19 20:14:04.421184+00', NULL, NULL, NULL, NULL, NULL, NULL, NULL);
insert into activity_options ("id", "activity_id", "name", "description", "status", "position", "created_at", "duration_minutes", "start_window", "private_base_minor", "private_included", "private_extra_minor", "private_max_guests", "daily_capacity") values ('4d4def35-3875-48d9-8e7f-16dfc355e798', 'd4dcc848-ef41-4f8f-85db-14bbd3803a2c', 'Standard', NULL, 'active', '0', '2026-06-19 20:14:04.421184+00', NULL, NULL, NULL, NULL, NULL, NULL, NULL);
insert into activity_options ("id", "activity_id", "name", "description", "status", "position", "created_at", "duration_minutes", "start_window", "private_base_minor", "private_included", "private_extra_minor", "private_max_guests", "daily_capacity") values ('2739d422-1d02-42fc-9096-7cdfa025fc9a', 'da49a019-deca-40cf-9de8-d146e24261de', 'Standard car (4 seats, 2 suitcases)', NULL, 'active', '0', '2026-06-22 15:12:57.852403+00', NULL, NULL, NULL, NULL, NULL, NULL, NULL);
insert into activity_options ("id", "activity_id", "name", "description", "status", "position", "created_at", "duration_minutes", "start_window", "private_base_minor", "private_included", "private_extra_minor", "private_max_guests", "daily_capacity") values ('71f9154b-1f84-4d77-91b5-261ce444fa29', 'da49a019-deca-40cf-9de8-d146e24261de', 'SUV (4 seats, 4 suitcases)', NULL, 'active', '1', '2026-06-22 15:12:57.852403+00', NULL, NULL, NULL, NULL, NULL, NULL, NULL);
insert into activity_options ("id", "activity_id", "name", "description", "status", "position", "created_at", "duration_minutes", "start_window", "private_base_minor", "private_included", "private_extra_minor", "private_max_guests", "daily_capacity") values ('73d12cb8-3ae4-4bd6-974f-f5372b32205e', 'da49a019-deca-40cf-9de8-d146e24261de', 'Family car (6 seats, 4 suitcases)', NULL, 'active', '2', '2026-06-22 15:12:57.852403+00', NULL, NULL, NULL, NULL, NULL, NULL, NULL);
insert into activity_options ("id", "activity_id", "name", "description", "status", "position", "created_at", "duration_minutes", "start_window", "private_base_minor", "private_included", "private_extra_minor", "private_max_guests", "daily_capacity") values ('ba7ed1e1-0375-40fc-a73e-845e1356ce6e', 'da49a019-deca-40cf-9de8-d146e24261de', 'Minibus (14 seats)', NULL, 'active', '3', '2026-06-22 15:12:57.852403+00', NULL, NULL, NULL, NULL, NULL, NULL, NULL);
insert into activity_options ("id", "activity_id", "name", "description", "status", "position", "created_at", "duration_minutes", "start_window", "private_base_minor", "private_included", "private_extra_minor", "private_max_guests", "daily_capacity") values ('680493dc-cc46-4cad-8e34-36539bdc4f6f', 'da49a019-deca-40cf-9de8-d146e24261de', 'Coaster (22 seats)', NULL, 'active', '4', '2026-06-22 15:12:57.852403+00', NULL, NULL, NULL, NULL, NULL, NULL, NULL);
insert into activity_options ("id", "activity_id", "name", "description", "status", "position", "created_at", "duration_minutes", "start_window", "private_base_minor", "private_included", "private_extra_minor", "private_max_guests", "daily_capacity") values ('cb01a654-9d20-47c1-90e5-ff5fbf474ef7', 'dcac8588-b2f3-4802-959f-970d1aa88755', 'Private group up to 4 persons', NULL, 'active', '0', '2026-07-13 17:05:05.963441+00', '420', '09:00', '75000', '4', '3000', '20', NULL);
insert into activity_options ("id", "activity_id", "name", "description", "status", "position", "created_at", "duration_minutes", "start_window", "private_base_minor", "private_included", "private_extra_minor", "private_max_guests", "daily_capacity") values ('64cb91af-30cd-47b0-91e7-a258ad3c98ca', 'dcad49d8-35c3-4454-a6e6-cf96743b32b9', 'Standard', NULL, 'active', '0', '2026-06-19 20:14:04.421184+00', NULL, NULL, NULL, NULL, NULL, NULL, NULL);
insert into activity_options ("id", "activity_id", "name", "description", "status", "position", "created_at", "duration_minutes", "start_window", "private_base_minor", "private_included", "private_extra_minor", "private_max_guests", "daily_capacity") values ('71bd7893-c38a-4365-b227-eb6035f62727', 'e0a2004b-4f7a-46a2-95f7-c7866c4980c9', 'Standard', NULL, 'active', '0', '2026-06-19 20:14:04.421184+00', NULL, NULL, NULL, NULL, NULL, NULL, NULL);
insert into activity_options ("id", "activity_id", "name", "description", "status", "position", "created_at", "duration_minutes", "start_window", "private_base_minor", "private_included", "private_extra_minor", "private_max_guests", "daily_capacity") values ('0afba68b-af3e-47e3-8e2c-9982ca15a59f', 'eae309cd-c243-4557-832b-102883ccc719', 'Private Group', NULL, 'active', '0', '2026-06-19 20:14:04.421184+00', NULL, NULL, NULL, NULL, NULL, NULL, NULL);
insert into activity_options ("id", "activity_id", "name", "description", "status", "position", "created_at", "duration_minutes", "start_window", "private_base_minor", "private_included", "private_extra_minor", "private_max_guests", "daily_capacity") values ('5d328d15-a9d5-4548-b5b4-24c1115ede3b', 'f328f009-1ab5-442b-ab0a-90d052ffe3eb', 'Standard', NULL, 'active', '0', '2026-07-02 17:20:31.226173+00', NULL, NULL, NULL, NULL, NULL, NULL, NULL);

-- activity_option_prices (72 rows)
insert into activity_option_prices ("id", "activity_option_id", "label", "amount_minor", "currency", "max_guests", "position", "min_age", "max_age") values ('d60d5f7b-a3f3-409d-b1f5-7b7bf89589d7', '02a8a539-8720-4219-b737-3a47b40ada69', 'Per vehicle', '9500', 'EUR', '22', '0', NULL, NULL);
insert into activity_option_prices ("id", "activity_option_id", "label", "amount_minor", "currency", "max_guests", "position", "min_age", "max_age") values ('9a738adb-b28e-4ee6-969b-0adc4e0719f1', '0afba68b-af3e-47e3-8e2c-9982ca15a59f', 'Adult, Up to 4', '8600', 'EUR', '4', '0', NULL, NULL);
insert into activity_option_prices ("id", "activity_option_id", "label", "amount_minor", "currency", "max_guests", "position", "min_age", "max_age") values ('844ec366-cde5-4129-95f3-2e2461841e32', '1165007d-2505-4cc5-8c87-b647d6f60505', 'Adult', '5000', 'EUR', NULL, '0', NULL, NULL);
insert into activity_option_prices ("id", "activity_option_id", "label", "amount_minor", "currency", "max_guests", "position", "min_age", "max_age") values ('b1106ab9-313e-47ae-ae2c-43518f4393b7', '12114a1e-cbbb-4577-8ed9-697b3d840e9e', 'Adult, up to 4', '7000', 'EUR', '4', '0', NULL, NULL);
insert into activity_option_prices ("id", "activity_option_id", "label", "amount_minor", "currency", "max_guests", "position", "min_age", "max_age") values ('ad7b04d8-de63-4e01-9989-623a825e6a62', '13c0e317-8e59-4c0a-8954-3413f68948bb', 'Adult, Up to 4', '8600', 'EUR', '4', '0', NULL, NULL);
insert into activity_option_prices ("id", "activity_option_id", "label", "amount_minor", "currency", "max_guests", "position", "min_age", "max_age") values ('02eefc0e-483c-432a-b254-adbad57df615', '1f9f6a0e-4b06-43ae-88d8-3c17987aa935', 'Adult', '5000', 'EUR', NULL, '0', '11', NULL);
insert into activity_option_prices ("id", "activity_option_id", "label", "amount_minor", "currency", "max_guests", "position", "min_age", "max_age") values ('7132c70b-d9bb-4305-aac4-e700f19f52c5', '1f9f6a0e-4b06-43ae-88d8-3c17987aa935', 'Child', '3500', 'EUR', NULL, '1', '3', '10');
insert into activity_option_prices ("id", "activity_option_id", "label", "amount_minor", "currency", "max_guests", "position", "min_age", "max_age") values ('d26c919b-172b-4618-ad31-3f8d0b6d35e5', '1f9f6a0e-4b06-43ae-88d8-3c17987aa935', 'Infant', '0', 'EUR', NULL, '2', '0', '3');
insert into activity_option_prices ("id", "activity_option_id", "label", "amount_minor", "currency", "max_guests", "position", "min_age", "max_age") values ('78c019b7-d1f0-4abe-aacf-d7adb83cd15f', '2739d422-1d02-42fc-9096-7cdfa025fc9a', 'Per transfer', '3600', 'EUR', '4', '0', NULL, NULL);
insert into activity_option_prices ("id", "activity_option_id", "label", "amount_minor", "currency", "max_guests", "position", "min_age", "max_age") values ('0ce155a1-4f52-49c6-a25b-078675ef83c0', '347dfe6f-363c-4d07-b020-bcb30a2c66f1', 'Adult', '7500', 'EUR', NULL, '0', '18', NULL);
insert into activity_option_prices ("id", "activity_option_id", "label", "amount_minor", "currency", "max_guests", "position", "min_age", "max_age") values ('ac67e5be-25df-4bef-a72f-224e1a040d4e', '347dfe6f-363c-4d07-b020-bcb30a2c66f1', 'Child', '7500', 'EUR', NULL, '1', '5', '17');
insert into activity_option_prices ("id", "activity_option_id", "label", "amount_minor", "currency", "max_guests", "position", "min_age", "max_age") values ('af3e55cd-5bdf-411e-9409-563cd0e68c14', '3897869d-840d-4ff7-a4e3-6b817914fb08', 'Adult', '4000', 'EUR', NULL, '0', NULL, NULL);
insert into activity_option_prices ("id", "activity_option_id", "label", "amount_minor", "currency", "max_guests", "position", "min_age", "max_age") values ('5b9e32bf-4c23-4520-94db-839cdae2b77f', '3897869d-840d-4ff7-a4e3-6b817914fb08', 'Child', '2500', 'EUR', NULL, '1', '3', '10');
insert into activity_option_prices ("id", "activity_option_id", "label", "amount_minor", "currency", "max_guests", "position", "min_age", "max_age") values ('3c21d589-1ee9-432a-906e-2c76214fd462', '3897869d-840d-4ff7-a4e3-6b817914fb08', 'Infant', '0', 'EUR', NULL, '2', '0', '3');
insert into activity_option_prices ("id", "activity_option_id", "label", "amount_minor", "currency", "max_guests", "position", "min_age", "max_age") values ('6744713f-b352-4b97-bcb0-689798a37475', '3b8d97f6-1f42-47a0-bbee-55fb63305a67', 'Adult', '4000', 'EUR', NULL, '0', NULL, NULL);
insert into activity_option_prices ("id", "activity_option_id", "label", "amount_minor", "currency", "max_guests", "position", "min_age", "max_age") values ('6a7ab625-d2bc-49af-8f96-f575400e4a93', '3b8d97f6-1f42-47a0-bbee-55fb63305a67', 'Child', '2500', 'EUR', NULL, '1', '3', '10');
insert into activity_option_prices ("id", "activity_option_id", "label", "amount_minor", "currency", "max_guests", "position", "min_age", "max_age") values ('d368d5ea-d3b1-44e6-8a8e-75c209f96512', '3b8d97f6-1f42-47a0-bbee-55fb63305a67', 'Infant', '0', 'EUR', NULL, '2', '0', '3');
insert into activity_option_prices ("id", "activity_option_id", "label", "amount_minor", "currency", "max_guests", "position", "min_age", "max_age") values ('52b4919e-bd9d-4432-84f5-b6175bd9edb1', '458c486e-f627-450e-98fc-32e740f42dbf', 'Adult, Up to 4', '6000', 'EUR', '4', '0', NULL, NULL);
insert into activity_option_prices ("id", "activity_option_id", "label", "amount_minor", "currency", "max_guests", "position", "min_age", "max_age") values ('667a1f30-004d-458c-bad6-04c4f0dd78cd', '45fc1b9c-2221-4aed-abfb-62caef362df8', 'Adult', '6000', 'EUR', NULL, '0', NULL, NULL);
insert into activity_option_prices ("id", "activity_option_id", "label", "amount_minor", "currency", "max_guests", "position", "min_age", "max_age") values ('2637f357-9c59-4f95-bcb3-a8d5b80efa0a', '4d4def35-3875-48d9-8e7f-16dfc355e798', 'Adult', '5000', 'EUR', NULL, '0', NULL, NULL);
insert into activity_option_prices ("id", "activity_option_id", "label", "amount_minor", "currency", "max_guests", "position", "min_age", "max_age") values ('ce7fc9cb-2f88-4ae0-92c8-6108265d8a72', '546116a9-2856-4248-9908-68939a14ddca', 'Adult', '62500', 'EUR', '6', '0', NULL, NULL);
insert into activity_option_prices ("id", "activity_option_id", "label", "amount_minor", "currency", "max_guests", "position", "min_age", "max_age") values ('31bcc17d-3b14-44b5-8963-b900c9f3d296', '559b6a31-436d-453c-a656-9d088f4868d0', 'Adult', '25000', 'EUR', NULL, '0', NULL, NULL);
insert into activity_option_prices ("id", "activity_option_id", "label", "amount_minor", "currency", "max_guests", "position", "min_age", "max_age") values ('3f477106-ab13-40c2-b7ea-7c2810a0387c', '59923fef-ebea-4df6-a2c0-28e3289e03ac', 'Adult, Up to 4', '8600', 'EUR', '4', '0', NULL, NULL);
insert into activity_option_prices ("id", "activity_option_id", "label", "amount_minor", "currency", "max_guests", "position", "min_age", "max_age") values ('233bcfd2-10bb-4420-aee8-9f96fbc233fb', '5d328d15-a9d5-4548-b5b4-24c1115ede3b', 'Adult', '6000', 'EUR', NULL, '0', '11', NULL);
insert into activity_option_prices ("id", "activity_option_id", "label", "amount_minor", "currency", "max_guests", "position", "min_age", "max_age") values ('fdad1726-2224-4fbe-95c4-9783862914c5', '5d328d15-a9d5-4548-b5b4-24c1115ede3b', 'Child', '4000', 'EUR', NULL, '1', '3', '10');
insert into activity_option_prices ("id", "activity_option_id", "label", "amount_minor", "currency", "max_guests", "position", "min_age", "max_age") values ('8b65fd80-0c5d-4a7a-9693-f01ecc27fa71', '5d328d15-a9d5-4548-b5b4-24c1115ede3b', 'Infant', '0', 'EUR', NULL, '2', '0', '3');
insert into activity_option_prices ("id", "activity_option_id", "label", "amount_minor", "currency", "max_guests", "position", "min_age", "max_age") values ('938960ba-f461-48af-8b78-c89afd2112a6', '646fbc87-98b7-4828-bcbb-fe8ad99d88a8', 'Per transfer', '4000', 'EUR', NULL, '0', NULL, NULL);
insert into activity_option_prices ("id", "activity_option_id", "label", "amount_minor", "currency", "max_guests", "position", "min_age", "max_age") values ('09d660ef-1065-4e0a-9fd7-bdc4711d35fe', '64cb91af-30cd-47b0-91e7-a258ad3c98ca', 'Adult', '4000', 'EUR', NULL, '0', NULL, NULL);
insert into activity_option_prices ("id", "activity_option_id", "label", "amount_minor", "currency", "max_guests", "position", "min_age", "max_age") values ('e33571d8-b11d-4429-b8ee-7a9e95bbb601', '64cb91af-30cd-47b0-91e7-a258ad3c98ca', 'Child', '4000', 'EUR', NULL, '1', '8', '10');
insert into activity_option_prices ("id", "activity_option_id", "label", "amount_minor", "currency", "max_guests", "position", "min_age", "max_age") values ('f3c3cc73-9ed0-4006-be8e-8159bc9b1d60', '64cb91af-30cd-47b0-91e7-a258ad3c98ca', 'Infant', '0', 'EUR', NULL, '2', '0', '3');
insert into activity_option_prices ("id", "activity_option_id", "label", "amount_minor", "currency", "max_guests", "position", "min_age", "max_age") values ('1f6feefc-a7b8-4346-841b-c2d6425da038', '67a965fa-48d7-401f-8d82-d771326b37c8', 'Child', '4000', 'EUR', NULL, '0', '3', '10');
insert into activity_option_prices ("id", "activity_option_id", "label", "amount_minor", "currency", "max_guests", "position", "min_age", "max_age") values ('cc242108-d477-4f53-b878-2665cd4c85fc', '67a965fa-48d7-401f-8d82-d771326b37c8', 'Adult', '7500', 'EUR', NULL, '1', '10', '80');
insert into activity_option_prices ("id", "activity_option_id", "label", "amount_minor", "currency", "max_guests", "position", "min_age", "max_age") values ('5f3d92b2-2e2f-4411-b28b-d22697ac3ab9', '67a965fa-48d7-401f-8d82-d771326b37c8', 'Infant', '0', 'EUR', NULL, '2', '0', '3');
insert into activity_option_prices ("id", "activity_option_id", "label", "amount_minor", "currency", "max_guests", "position", "min_age", "max_age") values ('2c6aa29f-3828-468f-93ed-24c9c5187594', '680493dc-cc46-4cad-8e34-36539bdc4f6f', 'Per transfer', '13000', 'EUR', '22', '0', NULL, NULL);
insert into activity_option_prices ("id", "activity_option_id", "label", "amount_minor", "currency", "max_guests", "position", "min_age", "max_age") values ('d9bd549b-e721-4539-beb2-d95927850553', '71bd7893-c38a-4365-b227-eb6035f62727', 'Adult', '14500', 'EUR', NULL, '0', NULL, NULL);
insert into activity_option_prices ("id", "activity_option_id", "label", "amount_minor", "currency", "max_guests", "position", "min_age", "max_age") values ('df0697d1-b241-4f4b-bb9e-1578d022689b', '71f9154b-1f84-4d77-91b5-261ce444fa29', 'Per transfer', '4000', 'EUR', '4', '0', NULL, NULL);
insert into activity_option_prices ("id", "activity_option_id", "label", "amount_minor", "currency", "max_guests", "position", "min_age", "max_age") values ('20de086f-7f63-4308-9671-9da4fcb932e8', '73d12cb8-3ae4-4bd6-974f-f5372b32205e', 'Per transfer', '4000', 'EUR', '6', '0', NULL, NULL);
insert into activity_option_prices ("id", "activity_option_id", "label", "amount_minor", "currency", "max_guests", "position", "min_age", "max_age") values ('53b668cd-9f93-4584-99b1-bacbaa7ef308', '74e0e150-43a6-4918-9b6c-29f97fd12318', 'Adult', '9000', 'EUR', NULL, '0', NULL, NULL);
insert into activity_option_prices ("id", "activity_option_id", "label", "amount_minor", "currency", "max_guests", "position", "min_age", "max_age") values ('73ed36c6-271e-47e0-9391-32f8baa8d133', '751f987c-69fb-466e-bb99-6de70f41bcc7', 'Adult', '7000', 'EUR', '4', '0', NULL, NULL);
insert into activity_option_prices ("id", "activity_option_id", "label", "amount_minor", "currency", "max_guests", "position", "min_age", "max_age") values ('fa6f4aff-5a5f-4421-912d-77e03e611205', '79d11650-2edc-42d8-8347-6a0dd077ae74', 'Adult', '3200', 'EUR', NULL, '0', NULL, NULL);
insert into activity_option_prices ("id", "activity_option_id", "label", "amount_minor", "currency", "max_guests", "position", "min_age", "max_age") values ('0b8c905a-33f3-4b67-845c-4b431b53ea6b', '79d11650-2edc-42d8-8347-6a0dd077ae74', 'Child', '2700', 'EUR', NULL, '1', '0', '12');
insert into activity_option_prices ("id", "activity_option_id", "label", "amount_minor", "currency", "max_guests", "position", "min_age", "max_age") values ('11a1c98b-155f-4f29-893f-fa7954c35b58', '7ca7768e-c600-4b93-a19a-ed0db671b5e2', 'Adult, Up to 4', '7000', 'EUR', '4', '0', NULL, NULL);
insert into activity_option_prices ("id", "activity_option_id", "label", "amount_minor", "currency", "max_guests", "position", "min_age", "max_age") values ('d0b06c3a-c164-46c6-a444-26f9b134c011', '882658bb-fbf2-4fe3-8acf-c7414e47c0be', 'Adult', '5000', 'EUR', NULL, '0', NULL, NULL);
insert into activity_option_prices ("id", "activity_option_id", "label", "amount_minor", "currency", "max_guests", "position", "min_age", "max_age") values ('12ce6ed4-1964-4bf1-9dde-aa7baa124d3f', '882658bb-fbf2-4fe3-8acf-c7414e47c0be', 'Child', '2500', 'EUR', NULL, '1', '3', '10');
insert into activity_option_prices ("id", "activity_option_id", "label", "amount_minor", "currency", "max_guests", "position", "min_age", "max_age") values ('334a0c04-5f71-4484-bcc0-f2d4e49264d5', '882658bb-fbf2-4fe3-8acf-c7414e47c0be', 'Infant', '0', 'EUR', NULL, '2', '0', '3');
insert into activity_option_prices ("id", "activity_option_id", "label", "amount_minor", "currency", "max_guests", "position", "min_age", "max_age") values ('21ca0e31-94e6-45c8-a844-46b9c3fd72da', '8a4a4c2c-53ec-41b3-a7e9-b9924dede261', 'Adult', '5000', 'EUR', NULL, '0', NULL, NULL);
insert into activity_option_prices ("id", "activity_option_id", "label", "amount_minor", "currency", "max_guests", "position", "min_age", "max_age") values ('4aa863db-751f-4393-99e8-d326fe18a4c6', '8e2e84cb-35eb-4291-bbd9-a02f955c2359', 'Adult, Up to 4', '8600', 'EUR', '4', '0', NULL, NULL);
insert into activity_option_prices ("id", "activity_option_id", "label", "amount_minor", "currency", "max_guests", "position", "min_age", "max_age") values ('0abfb616-3344-4d7d-b607-cb38145b42a7', '90ff5bfb-b212-4fbf-90cd-8e43b5f1f97e', 'Adult, Up to 4', '8600', 'EUR', '4', '0', NULL, NULL);
insert into activity_option_prices ("id", "activity_option_id", "label", "amount_minor", "currency", "max_guests", "position", "min_age", "max_age") values ('2bd57366-9f88-4b1f-b5b0-4e1d56db473c', 'a053b20b-6e30-44e8-a17e-b97508217576', 'Adult', '7000', 'EUR', NULL, '0', NULL, NULL);
insert into activity_option_prices ("id", "activity_option_id", "label", "amount_minor", "currency", "max_guests", "position", "min_age", "max_age") values ('b6566820-685e-49f7-b936-2f3c8075398b', 'ba7ed1e1-0375-40fc-a73e-845e1356ce6e', 'Per transfer', '9000', 'EUR', '14', '0', NULL, NULL);
insert into activity_option_prices ("id", "activity_option_id", "label", "amount_minor", "currency", "max_guests", "position", "min_age", "max_age") values ('76b6642b-447f-4464-911b-b9a11c3dc092', 'bc971568-79d4-4dff-9e46-ee2f2a902644', 'Adult', '5000', 'EUR', NULL, '0', NULL, NULL);
insert into activity_option_prices ("id", "activity_option_id", "label", "amount_minor", "currency", "max_guests", "position", "min_age", "max_age") values ('fc281998-36e5-4bd6-9028-783604e4b9ef', 'bf3315dd-2cfb-47b7-934d-7ef2a60c7005', 'Adult', '7500', 'EUR', NULL, '0', NULL, NULL);
insert into activity_option_prices ("id", "activity_option_id", "label", "amount_minor", "currency", "max_guests", "position", "min_age", "max_age") values ('30195cbc-4903-4998-b008-de28cf6893c3', 'bf3315dd-2cfb-47b7-934d-7ef2a60c7005', 'Child', '4000', 'EUR', NULL, '1', '3', '10');
insert into activity_option_prices ("id", "activity_option_id", "label", "amount_minor", "currency", "max_guests", "position", "min_age", "max_age") values ('67d4db34-8f03-4831-a634-0130e57cea2c', 'bf3315dd-2cfb-47b7-934d-7ef2a60c7005', 'Infant', '0', 'EUR', NULL, '2', '0', '3');
insert into activity_option_prices ("id", "activity_option_id", "label", "amount_minor", "currency", "max_guests", "position", "min_age", "max_age") values ('eb69e091-3602-4ab0-823f-17c2af46926c', 'cdf69f7c-8614-4287-bdee-ad485f49aaf7', 'Adult', '12500', 'EUR', NULL, '0', NULL, NULL);
insert into activity_option_prices ("id", "activity_option_id", "label", "amount_minor", "currency", "max_guests", "position", "min_age", "max_age") values ('4d191e7c-9a87-4e53-86f1-2ca95d444f9a', 'cdf69f7c-8614-4287-bdee-ad485f49aaf7', 'Child', '7500', 'EUR', NULL, '1', '2', '11');
insert into activity_option_prices ("id", "activity_option_id", "label", "amount_minor", "currency", "max_guests", "position", "min_age", "max_age") values ('2fdf33fe-60d2-4295-ba1e-df6e8e3a57af', 'cdf69f7c-8614-4287-bdee-ad485f49aaf7', 'Infant', '4500', 'EUR', NULL, '2', '0', '2');
insert into activity_option_prices ("id", "activity_option_id", "label", "amount_minor", "currency", "max_guests", "position", "min_age", "max_age") values ('3cebe13a-0808-4dc2-8368-f45643f93dd3', 'd92b4c6b-7a9b-4776-8b0c-63891f5b8486', 'Adult', '1200', 'EUR', NULL, '0', '11', NULL);
insert into activity_option_prices ("id", "activity_option_id", "label", "amount_minor", "currency", "max_guests", "position", "min_age", "max_age") values ('d073bc87-f47d-4928-824a-85d20a47a475', 'd92b4c6b-7a9b-4776-8b0c-63891f5b8486', 'Child', '700', 'EUR', NULL, '1', '6', '11');
insert into activity_option_prices ("id", "activity_option_id", "label", "amount_minor", "currency", "max_guests", "position", "min_age", "max_age") values ('abc7a0bc-49ca-48ad-a208-4701e2dda76e', 'd92b4c6b-7a9b-4776-8b0c-63891f5b8486', 'Infant', '0', 'EUR', NULL, '2', '1', '5');
insert into activity_option_prices ("id", "activity_option_id", "label", "amount_minor", "currency", "max_guests", "position", "min_age", "max_age") values ('4df5038f-2058-403e-bd61-e71e65ac652d', 'dba011d5-cd81-4067-9a13-03e0bec6f546', 'Adult', '41000', 'EUR', NULL, '0', NULL, NULL);
insert into activity_option_prices ("id", "activity_option_id", "label", "amount_minor", "currency", "max_guests", "position", "min_age", "max_age") values ('e2c96bf9-a49f-4dcb-9381-9ab6cba0c234', 'dd18a615-e9d6-4304-a095-cf5b0939acef', 'Adult, Up to 4', '11000', 'EUR', '4', '0', NULL, NULL);
insert into activity_option_prices ("id", "activity_option_id", "label", "amount_minor", "currency", "max_guests", "position", "min_age", "max_age") values ('0b70601e-a061-4f7d-8c72-00708ee29edb', 'df8df52c-ed23-43c9-b02d-4fc7d290ef32', 'Adult', '52000', 'EUR', '6', '0', NULL, NULL);
insert into activity_option_prices ("id", "activity_option_id", "label", "amount_minor", "currency", "max_guests", "position", "min_age", "max_age") values ('b60d095c-6a53-4a25-b8ae-cbc3f1103e83', 'e1b7d74e-a9a0-4da9-a0b0-b2d5a0029f03', 'Adult', '5000', 'EUR', NULL, '0', NULL, NULL);
insert into activity_option_prices ("id", "activity_option_id", "label", "amount_minor", "currency", "max_guests", "position", "min_age", "max_age") values ('2fb6f496-e80d-4980-8152-d6cec6a86e9d', 'e1b7d74e-a9a0-4da9-a0b0-b2d5a0029f03', 'Child', '2500', 'EUR', NULL, '1', '3', '10');
insert into activity_option_prices ("id", "activity_option_id", "label", "amount_minor", "currency", "max_guests", "position", "min_age", "max_age") values ('02a4affd-f841-4c90-ac83-68458d83c9bc', 'e1b7d74e-a9a0-4da9-a0b0-b2d5a0029f03', 'Infant', '0', 'EUR', NULL, '2', '0', '3');
insert into activity_option_prices ("id", "activity_option_id", "label", "amount_minor", "currency", "max_guests", "position", "min_age", "max_age") values ('6d33e4e4-0df0-422f-99b4-7037f312e32d', 'e25562cc-6283-450a-a7de-7b760e8a2d1e', 'Adult', '7500', 'EUR', NULL, '0', '18', NULL);
insert into activity_option_prices ("id", "activity_option_id", "label", "amount_minor", "currency", "max_guests", "position", "min_age", "max_age") values ('a4f1be4f-c4e5-4b5e-945b-17b51730a526', 'e25562cc-6283-450a-a7de-7b760e8a2d1e', 'Child', '7500', 'EUR', NULL, '1', '5', '17');
insert into activity_option_prices ("id", "activity_option_id", "label", "amount_minor", "currency", "max_guests", "position", "min_age", "max_age") values ('4bf46bda-10c4-44ce-85e5-7a2fb43f29c9', 'e66787e5-60ac-485a-85c4-88148bc6071b', 'Adult', '6000', 'EUR', NULL, '0', NULL, NULL);
insert into activity_option_prices ("id", "activity_option_id", "label", "amount_minor", "currency", "max_guests", "position", "min_age", "max_age") values ('923a0b2a-7e72-4ddc-9e9d-1dfe803ee1f3', 'f904ae1f-aafe-4116-a5b4-c43e70667cec', 'Adult', '5000', 'EUR', NULL, '0', NULL, NULL);
insert into activity_option_prices ("id", "activity_option_id", "label", "amount_minor", "currency", "max_guests", "position", "min_age", "max_age") values ('a24cfee7-acad-4e22-8ae1-3ec5edded21f', 'f904ae1f-aafe-4116-a5b4-c43e70667cec', 'Child', '4000', 'EUR', NULL, '1', '3', '10');
insert into activity_option_prices ("id", "activity_option_id", "label", "amount_minor", "currency", "max_guests", "position", "min_age", "max_age") values ('fa3942a2-665f-4aaa-b7b1-1f70b7ba9804', 'f904ae1f-aafe-4116-a5b4-c43e70667cec', 'Infant', '0', 'EUR', NULL, '2', '0', '3');

-- activity_images (277 rows)
insert into activity_images ("id", "activity_id", "url", "alt", "position") values ('ea86e354-46a6-46c6-ab7f-70b53c5caf45', '0067e1c1-e08c-4c1b-a2ea-d66e9e285d05', 'https://www.visitemaurice.com/wp-content/uploads/2024/03/speed-boat.jpg', 'Speed Boat – Ile Aux Cerfs', '0');
insert into activity_images ("id", "activity_id", "url", "alt", "position") values ('a90ffc38-3469-4954-9dd1-ab31bfeadef4', '0067e1c1-e08c-4c1b-a2ea-d66e9e285d05', 'https://www.visitemaurice.com/wp-content/uploads/2024/03/Bellemare-tour-31.jpg', 'Speed Boat – Ile Aux Cerfs', '1');
insert into activity_images ("id", "activity_id", "url", "alt", "position") values ('6c9a9f21-e385-4e6e-b837-ce3f83e50252', '0067e1c1-e08c-4c1b-a2ea-d66e9e285d05', 'https://dwjkfowhrrvdiqligxcj.supabase.co/storage/v1/object/public/activity-images/speed-boat-ile-aux-cerfs/1783012451538-w0euad.jpg', NULL, '2');
insert into activity_images ("id", "activity_id", "url", "alt", "position") values ('e25ab289-48e6-403b-bada-ff7a741b8302', '0067e1c1-e08c-4c1b-a2ea-d66e9e285d05', 'https://dwjkfowhrrvdiqligxcj.supabase.co/storage/v1/object/public/activity-images/speed-boat-ile-aux-cerfs/1783012446464-e3a6ds.jpg', NULL, '3');
insert into activity_images ("id", "activity_id", "url", "alt", "position") values ('ed507b35-29f2-4ea1-8560-632aaebb694f', '0067e1c1-e08c-4c1b-a2ea-d66e9e285d05', 'https://dwjkfowhrrvdiqligxcj.supabase.co/storage/v1/object/public/activity-images/speed-boat-ile-aux-cerfs/1783012449180-8t0yva.jpg', NULL, '4');
insert into activity_images ("id", "activity_id", "url", "alt", "position") values ('26977c5f-1f35-4889-aed4-fbbf14762b42', '0067e1c1-e08c-4c1b-a2ea-d66e9e285d05', 'https://www.visitemaurice.com/wp-content/uploads/2024/03/Speed_-boat.jpg', 'Speed Boat – Ile Aux Cerfs', '5');
insert into activity_images ("id", "activity_id", "url", "alt", "position") values ('78c3d1cc-2b53-43b2-9065-7e02102eb0ad', '13fb9ed9-2386-43aa-8e8c-87dac1f5f9fb', 'https://www.visitemaurice.com/wp-content/uploads/2024/03/pexels-minan1398-1093837.jpg', 'Shopping Tour', '0');
insert into activity_images ("id", "activity_id", "url", "alt", "position") values ('3ca22840-71b6-4fb6-815c-f91c9c9a9095', '13fb9ed9-2386-43aa-8e8c-87dac1f5f9fb', 'https://www.visitemaurice.com/wp-content/uploads/2024/03/pexels-orlovamaria-4940756.jpg', 'Shopping Tour', '1');
insert into activity_images ("id", "activity_id", "url", "alt", "position") values ('eca7ec33-4df8-4d1a-bce8-df965fd4eb51', '13fb9ed9-2386-43aa-8e8c-87dac1f5f9fb', 'https://www.visitemaurice.com/wp-content/uploads/2024/03/ricardo-marques-7oG6cBJYHx4-unsplash.jpg', 'Shopping Tour', '2');
insert into activity_images ("id", "activity_id", "url", "alt", "position") values ('b7b88895-c062-455c-b2b1-f5c8c3d9a92f', '13fb9ed9-2386-43aa-8e8c-87dac1f5f9fb', 'https://www.visitemaurice.com/wp-content/uploads/2024/03/veegish-ramdani-TE-z3OJv-54-unsplash.jpg', 'Shopping Tour', '3');
insert into activity_images ("id", "activity_id", "url", "alt", "position") values ('0d92c40e-241c-44f8-a68d-f593f6e90b9d', '177e8323-a359-4233-852a-c3a7ae083759', 'https://www.visitemaurice.com/wp-content/uploads/2024/03/pexels-george-desipris-769228.jpg', 'Catamaran Sunset Cruise', '0');
insert into activity_images ("id", "activity_id", "url", "alt", "position") values ('ef906524-f8c2-4e3c-a937-5cae5091383c', '177e8323-a359-4233-852a-c3a7ae083759', 'https://www.visitemaurice.com/wp-content/uploads/2024/03/pexels-nuno-obey-127160.jpg', 'Catamaran Sunset Cruise', '1');
insert into activity_images ("id", "activity_id", "url", "alt", "position") values ('83f26e1f-bb14-4db1-badf-4ba439aefbae', '177e8323-a359-4233-852a-c3a7ae083759', 'https://www.visitemaurice.com/wp-content/uploads/2024/03/pexels-vincent-gerbouin-1167023.jpg', 'Catamaran Sunset Cruise', '2');
insert into activity_images ("id", "activity_id", "url", "alt", "position") values ('43786e77-a323-4062-8f6f-650f74cb0de1', '177e8323-a359-4233-852a-c3a7ae083759', 'https://www.visitemaurice.com/wp-content/uploads/2024/03/pexels-sebastian-coman-photography-3461205.jpg', 'Catamaran Sunset Cruise', '3');
insert into activity_images ("id", "activity_id", "url", "alt", "position") values ('ffe45438-3088-40d1-9b26-68dc926953ed', '1bfe0559-037f-40f7-8384-4ae938f6b23d', 'https://www.visitemaurice.com/wp-content/uploads/2024/03/pexels-asadphoto-1430672.jpg', 'Visit To Ambre Island By Kayak', '0');
insert into activity_images ("id", "activity_id", "url", "alt", "position") values ('96b03b47-b059-46f8-86ca-d8b4514ddee2', '1bfe0559-037f-40f7-8384-4ae938f6b23d', 'https://dwjkfowhrrvdiqligxcj.supabase.co/storage/v1/object/public/activity-images/visit-to-ambre-island-by-kayak/1783161934017-qbexc4.jpg', NULL, '1');
insert into activity_images ("id", "activity_id", "url", "alt", "position") values ('6a90c9ff-de84-4974-b4af-fcd7dcd28bb9', '1bfe0559-037f-40f7-8384-4ae938f6b23d', 'https://www.visitemaurice.com/wp-content/uploads/2024/03/kayak5.jpg', 'Visit To Ambre Island By Kayak', '2');
insert into activity_images ("id", "activity_id", "url", "alt", "position") values ('ca5e2989-df29-4026-b4f2-a9f298efd480', '1bfe0559-037f-40f7-8384-4ae938f6b23d', 'https://www.visitemaurice.com/wp-content/uploads/2024/03/pexels-amirul-chakim-2963992-18432278.jpg', 'Visit To Ambre Island By Kayak', '3');
insert into activity_images ("id", "activity_id", "url", "alt", "position") values ('6a426195-cfd8-480a-8736-9aa1e86d7ebc', '1bfe0559-037f-40f7-8384-4ae938f6b23d', 'https://www.visitemaurice.com/wp-content/uploads/2024/03/pexels-shivkumarsd-1522344.jpg', 'Visit To Ambre Island By Kayak', '4');
insert into activity_images ("id", "activity_id", "url", "alt", "position") values ('ccaa4a7f-d9cb-41ea-acc5-fa2ae5f19876', '1c5af259-7dca-4a18-9e53-3cf51e8c8b36', 'https://dwjkfowhrrvdiqligxcj.supabase.co/storage/v1/object/public/activity-images/south-tour-mauritius/1782321900972-rcdluy.jpg', NULL, '0');
insert into activity_images ("id", "activity_id", "url", "alt", "position") values ('a6a53008-6236-49d9-bac8-6865a85166bd', '1c5af259-7dca-4a18-9e53-3cf51e8c8b36', 'https://dwjkfowhrrvdiqligxcj.supabase.co/storage/v1/object/public/activity-images/south-tour-mauritius/1782321464396-n454c9.jpg', NULL, '1');
insert into activity_images ("id", "activity_id", "url", "alt", "position") values ('bda75197-ca72-4e1c-974d-1a870c508073', '1c5af259-7dca-4a18-9e53-3cf51e8c8b36', 'https://dwjkfowhrrvdiqligxcj.supabase.co/storage/v1/object/public/activity-images/south-tour-mauritius/1782321456997-38xwpd.jpg', NULL, '2');
insert into activity_images ("id", "activity_id", "url", "alt", "position") values ('6534270c-8b60-4bd0-913c-e96e74c57551', '1c5af259-7dca-4a18-9e53-3cf51e8c8b36', 'https://dwjkfowhrrvdiqligxcj.supabase.co/storage/v1/object/public/activity-images/south-tour-mauritius/1781554509605-7c6726.jpg', NULL, '3');
insert into activity_images ("id", "activity_id", "url", "alt", "position") values ('b8d352bd-381a-4e9b-9944-736b062c80f7', '1c5af259-7dca-4a18-9e53-3cf51e8c8b36', 'https://dwjkfowhrrvdiqligxcj.supabase.co/storage/v1/object/public/activity-images/south-tour-mauritius/1782321732519-sgnlqk.jpg', NULL, '4');
insert into activity_images ("id", "activity_id", "url", "alt", "position") values ('5adc8a0e-7b99-4533-85f5-eb982f507226', '1c5af259-7dca-4a18-9e53-3cf51e8c8b36', 'https://dwjkfowhrrvdiqligxcj.supabase.co/storage/v1/object/public/activity-images/south-tour-mauritius/1782321462857-y2j28b.jpg', NULL, '5');
insert into activity_images ("id", "activity_id", "url", "alt", "position") values ('1f291ffc-0a2d-45c8-ab9a-fa3a072b9bb7', '1c5af259-7dca-4a18-9e53-3cf51e8c8b36', 'https://dwjkfowhrrvdiqligxcj.supabase.co/storage/v1/object/public/activity-images/south-tour-mauritius/1782321465421-rrprja.jpg', NULL, '6');
insert into activity_images ("id", "activity_id", "url", "alt", "position") values ('95220ae1-f34e-41ea-8415-4269ecf614a6', '1c5af259-7dca-4a18-9e53-3cf51e8c8b36', 'https://dwjkfowhrrvdiqligxcj.supabase.co/storage/v1/object/public/activity-images/south-tour-mauritius/1781554508080-r4vwb0.jpg', NULL, '7');
insert into activity_images ("id", "activity_id", "url", "alt", "position") values ('892616de-110f-403b-994e-71569b41cce6', '1c5af259-7dca-4a18-9e53-3cf51e8c8b36', 'https://dwjkfowhrrvdiqligxcj.supabase.co/storage/v1/object/public/activity-images/south-tour-mauritius/1781554509983-sbh2xe.jpg', NULL, '8');
insert into activity_images ("id", "activity_id", "url", "alt", "position") values ('d0e7e2c4-0b90-44ef-ad8e-9cb53994f9bb', '1c5af259-7dca-4a18-9e53-3cf51e8c8b36', 'https://dwjkfowhrrvdiqligxcj.supabase.co/storage/v1/object/public/activity-images/south-tour-mauritius/1781554510367-syxef4.jpg', NULL, '9');
insert into activity_images ("id", "activity_id", "url", "alt", "position") values ('fcc8eef6-ee40-4c0b-a15b-fb2eb62cc8cf', '1c5af259-7dca-4a18-9e53-3cf51e8c8b36', 'https://dwjkfowhrrvdiqligxcj.supabase.co/storage/v1/object/public/activity-images/south-tour-mauritius/1782321455576-d6ppcw.jpg', NULL, '10');
insert into activity_images ("id", "activity_id", "url", "alt", "position") values ('749cc518-126f-4ed1-9387-624e21744094', '1c5af259-7dca-4a18-9e53-3cf51e8c8b36', 'https://dwjkfowhrrvdiqligxcj.supabase.co/storage/v1/object/public/activity-images/south-tour-mauritius/1782321460538-fokjcb.jpg', NULL, '11');
insert into activity_images ("id", "activity_id", "url", "alt", "position") values ('d3622058-79a3-43a3-9a90-2ea947f9bf99', '1c5af259-7dca-4a18-9e53-3cf51e8c8b36', 'https://dwjkfowhrrvdiqligxcj.supabase.co/storage/v1/object/public/activity-images/south-tour-mauritius/1782321461321-cs6e4l.jpg', NULL, '12');
insert into activity_images ("id", "activity_id", "url", "alt", "position") values ('e612fa38-a567-4d30-b865-6c7cb2ffa13e', '1c5af259-7dca-4a18-9e53-3cf51e8c8b36', 'https://dwjkfowhrrvdiqligxcj.supabase.co/storage/v1/object/public/activity-images/south-tour-mauritius/1782321461938-bchzsh.jpg', NULL, '13');
insert into activity_images ("id", "activity_id", "url", "alt", "position") values ('b211b39c-1cd8-4e81-bb0e-667e90ced7ff', '1c5af259-7dca-4a18-9e53-3cf51e8c8b36', 'https://dwjkfowhrrvdiqligxcj.supabase.co/storage/v1/object/public/activity-images/south-tour-mauritius/1782321463678-thmfqs.jpg', NULL, '14');
insert into activity_images ("id", "activity_id", "url", "alt", "position") values ('86486a04-8317-4bfa-a505-963295cf4b6b', '1c5af259-7dca-4a18-9e53-3cf51e8c8b36', 'https://dwjkfowhrrvdiqligxcj.supabase.co/storage/v1/object/public/activity-images/south-tour-mauritius/1782321465022-asom1m.jpg', NULL, '15');
insert into activity_images ("id", "activity_id", "url", "alt", "position") values ('236bf712-c346-459f-8a5f-f9fc7c694a8b', '1c5af259-7dca-4a18-9e53-3cf51e8c8b36', 'https://dwjkfowhrrvdiqligxcj.supabase.co/storage/v1/object/public/activity-images/south-tour-mauritius/1782321466553-w8ukcu.jpg', NULL, '16');
insert into activity_images ("id", "activity_id", "url", "alt", "position") values ('7a0b0775-da25-492d-a06b-446cdfd9cda0', '1c5af259-7dca-4a18-9e53-3cf51e8c8b36', 'https://dwjkfowhrrvdiqligxcj.supabase.co/storage/v1/object/public/activity-images/south-tour-mauritius/1782321467467-rv8jzn.png', NULL, '17');
insert into activity_images ("id", "activity_id", "url", "alt", "position") values ('65d462f6-d675-4e98-9931-b7e245006e58', '1c5af259-7dca-4a18-9e53-3cf51e8c8b36', 'https://dwjkfowhrrvdiqligxcj.supabase.co/storage/v1/object/public/activity-images/south-tour-mauritius/1782321468800-psr7qa.jpg', NULL, '18');
insert into activity_images ("id", "activity_id", "url", "alt", "position") values ('fdbc04fe-3da0-455b-8d29-3c0389755654', '2402ab1e-1695-4485-a120-561d08797854', 'https://dwjkfowhrrvdiqligxcj.supabase.co/storage/v1/object/public/activity-images/north-beaches-tour/1782325203663-zxgriv.webp', NULL, '0');
insert into activity_images ("id", "activity_id", "url", "alt", "position") values ('18f89528-5519-460e-803d-7a1caa7b1b82', '2402ab1e-1695-4485-a120-561d08797854', 'https://dwjkfowhrrvdiqligxcj.supabase.co/storage/v1/object/public/activity-images/north-beaches-tour/1782325228136-eookv5.jpg', NULL, '1');
insert into activity_images ("id", "activity_id", "url", "alt", "position") values ('bb3434da-bdd5-49ad-8e8d-c0b37f045ba5', '2402ab1e-1695-4485-a120-561d08797854', 'https://dwjkfowhrrvdiqligxcj.supabase.co/storage/v1/object/public/activity-images/north-beaches-tour/1782325254993-ni64tm.jpg', NULL, '2');
insert into activity_images ("id", "activity_id", "url", "alt", "position") values ('97aea6c0-ee58-44f5-ab2d-d870fec57b9f', '2402ab1e-1695-4485-a120-561d08797854', 'https://dwjkfowhrrvdiqligxcj.supabase.co/storage/v1/object/public/activity-images/north-beaches-tour/1782325320090-hl5or4.jpg', NULL, '3');
insert into activity_images ("id", "activity_id", "url", "alt", "position") values ('a21f87be-fd1a-4e6c-8b54-2a0057bbe22a', '2402ab1e-1695-4485-a120-561d08797854', 'https://dwjkfowhrrvdiqligxcj.supabase.co/storage/v1/object/public/activity-images/north-beaches-tour/1782325359916-ym7n76.jpg', NULL, '4');
insert into activity_images ("id", "activity_id", "url", "alt", "position") values ('74c56b61-1d25-4abf-b3be-16ee6d53b298', '268a885f-c018-452e-add8-9cf72ecc2f60', 'https://dwjkfowhrrvdiqligxcj.supabase.co/storage/v1/object/public/activity-images/deep-sea-fishing/1783160654066-61sagt.png', NULL, '0');
insert into activity_images ("id", "activity_id", "url", "alt", "position") values ('f2b82b2b-f02a-4faf-af46-f976d352b09e', '268a885f-c018-452e-add8-9cf72ecc2f60', 'https://www.visitemaurice.com/wp-content/uploads/2024/03/pexels-willmac-3793366.jpg', 'Deep Sea fishing', '1');
insert into activity_images ("id", "activity_id", "url", "alt", "position") values ('c2536cd0-b30b-4ce3-bedb-e1b19569652f', '268a885f-c018-452e-add8-9cf72ecc2f60', 'https://www.visitemaurice.com/wp-content/uploads/2024/03/WhatsApp-Image-2024-05-03-at-15.08.31_f983b852.jpg', 'Deep Sea fishing', '2');
insert into activity_images ("id", "activity_id", "url", "alt", "position") values ('2e87ef45-8e3b-4abc-988c-52ab0c6b078b', '268a885f-c018-452e-add8-9cf72ecc2f60', 'https://www.visitemaurice.com/wp-content/uploads/2024/03/WhatsApp-Image-2024-05-03-at-15.08.28_6e128af8.jpg', 'Deep Sea fishing', '3');
insert into activity_images ("id", "activity_id", "url", "alt", "position") values ('198bf2d6-56d5-45af-ae03-de8d61bff9c3', '268a885f-c018-452e-add8-9cf72ecc2f60', 'https://www.visitemaurice.com/wp-content/uploads/2024/03/sebastian-pena-lambarri-YV593oyMKmo-unsplash.jpg', 'Deep Sea fishing', '4');
insert into activity_images ("id", "activity_id", "url", "alt", "position") values ('a7785940-6d1a-4e43-a121-4aa735a9ff88', '2938b5c4-9734-4dfd-84c0-4bfc46e9facb', 'https://dwjkfowhrrvdiqligxcj.supabase.co/storage/v1/object/public/activity-images/port-louis-city-tour/1782324912156-895mlc.jpg', NULL, '0');
insert into activity_images ("id", "activity_id", "url", "alt", "position") values ('bfe9d737-ab6c-4a12-93b6-9e731fa9ceea', '2938b5c4-9734-4dfd-84c0-4bfc46e9facb', 'https://dwjkfowhrrvdiqligxcj.supabase.co/storage/v1/object/public/activity-images/port-louis-city-tour/1782324816639-bioyjz.jpg', NULL, '1');
insert into activity_images ("id", "activity_id", "url", "alt", "position") values ('d6021bc9-f4d4-44a2-ab81-331a0c606da1', '2938b5c4-9734-4dfd-84c0-4bfc46e9facb', 'https://dwjkfowhrrvdiqligxcj.supabase.co/storage/v1/object/public/activity-images/port-louis-city-tour/1782324819109-3r3bnq.jpg', NULL, '2');
insert into activity_images ("id", "activity_id", "url", "alt", "position") values ('0ceca2e9-0566-4e24-a485-0734cbccd8a6', '2938b5c4-9734-4dfd-84c0-4bfc46e9facb', 'https://dwjkfowhrrvdiqligxcj.supabase.co/storage/v1/object/public/activity-images/port-louis-city-tour/1782324819548-f0qfxl.jpg', NULL, '3');
insert into activity_images ("id", "activity_id", "url", "alt", "position") values ('ee14ed16-d5e8-47a8-a59b-7b7fe4eb4ffb', '2938b5c4-9734-4dfd-84c0-4bfc46e9facb', 'https://dwjkfowhrrvdiqligxcj.supabase.co/storage/v1/object/public/activity-images/port-louis-city-tour/1782324819961-0t6f52.avif', NULL, '4');
insert into activity_images ("id", "activity_id", "url", "alt", "position") values ('9cb4105d-8ae5-4409-9014-0a980887a49d', '2d78f6bf-902a-4296-ade4-5fa52a67cc65', 'https://www.visitemaurice.com/wp-content/uploads/2024/03/header-lion-safari.jpg', 'Casela World of Adventures', '0');
insert into activity_images ("id", "activity_id", "url", "alt", "position") values ('b280f497-5212-4f18-aca3-d1f556eee1f3', '2d78f6bf-902a-4296-ade4-5fa52a67cc65', 'https://www.visitemaurice.com/wp-content/uploads/2024/03/casela-world-of-adventures-double-tyrolienne-ile-maurice.jpg', 'Casela World of Adventures', '1');
insert into activity_images ("id", "activity_id", "url", "alt", "position") values ('c0c9f13b-80a6-4e74-8ac1-6ff36b6de75f', '2d78f6bf-902a-4296-ade4-5fa52a67cc65', 'https://www.visitemaurice.com/wp-content/uploads/2024/03/Walk-with-Lions-Mauritius-1.jpg', 'Casela World of Adventures', '2');
insert into activity_images ("id", "activity_id", "url", "alt", "position") values ('62bd269c-e13f-4d25-b497-c08bda0d3b59', '2d78f6bf-902a-4296-ade4-5fa52a67cc65', 'https://www.visitemaurice.com/wp-content/uploads/2024/03/archway-safari-2.jpg', 'Casela World of Adventures', '3');
insert into activity_images ("id", "activity_id", "url", "alt", "position") values ('07fd1e37-e253-48e0-9b59-2a562b8d8637', '2d78f6bf-902a-4296-ade4-5fa52a67cc65', 'https://www.visitemaurice.com/wp-content/uploads/2024/03/samy-mounichy-MZCwclZC1e4-unsplash-scaled.jpg', 'Casela World of Adventures', '4');
insert into activity_images ("id", "activity_id", "url", "alt", "position") values ('bbbd421e-4a63-470d-a6f5-31439f98b507', '2d78f6bf-902a-4296-ade4-5fa52a67cc65', 'https://www.visitemaurice.com/wp-content/uploads/2024/03/ricardo-marques-7oG6cBJYHx4-unsplash.jpg', 'Casela World of Adventures', '5');
insert into activity_images ("id", "activity_id", "url", "alt", "position") values ('2442bfaf-4627-476d-849e-87d27ade437e', '3da3c977-1c1a-4ca4-8aa6-4e5146460df7', 'https://www.visitemaurice.com/wp-content/uploads/2024/03/maxresdefault.jpg', 'Blue Safari Submarine & Subscooter', '0');
insert into activity_images ("id", "activity_id", "url", "alt", "position") values ('45ef098f-b9c3-4ce3-ac54-8b020eb1c495', '3da3c977-1c1a-4ca4-8aa6-4e5146460df7', 'https://www.visitemaurice.com/wp-content/uploads/2024/03/pexels-tomfisk-4618223.jpg', 'Blue Safari Submarine & Subscooter', '1');
insert into activity_images ("id", "activity_id", "url", "alt", "position") values ('28077b96-8964-40aa-98a3-15ba40d01478', '3da3c977-1c1a-4ca4-8aa6-4e5146460df7', 'https://dwjkfowhrrvdiqligxcj.supabase.co/storage/v1/object/public/activity-images/blue-safari-submarine-subscooter/1783164924116-l4nuwf.jpg', NULL, '2');
insert into activity_images ("id", "activity_id", "url", "alt", "position") values ('682f18e2-3d8e-4e5c-a33e-2ced2ad47c94', '3da3c977-1c1a-4ca4-8aa6-4e5146460df7', 'https://dwjkfowhrrvdiqligxcj.supabase.co/storage/v1/object/public/activity-images/blue-safari-submarine-subscooter/1783164925473-54utb9.jpg', NULL, '3');
insert into activity_images ("id", "activity_id", "url", "alt", "position") values ('c009b9d3-1c18-420d-ac30-00d7718cc7b6', '3da3c977-1c1a-4ca4-8aa6-4e5146460df7', 'https://dwjkfowhrrvdiqligxcj.supabase.co/storage/v1/object/public/activity-images/blue-safari-submarine-subscooter/1783164925827-jqr1ji.jpg', NULL, '4');
insert into activity_images ("id", "activity_id", "url", "alt", "position") values ('5219172a-3c2f-4983-add6-72b376000a8a', '3da3c977-1c1a-4ca4-8aa6-4e5146460df7', 'https://www.visitemaurice.com/wp-content/uploads/2024/03/Bellemare-tour-31.jpg', 'Blue Safari Submarine & Subscooter', '5');
insert into activity_images ("id", "activity_id", "url", "alt", "position") values ('d6a1a3be-9765-43fc-a0ba-336303a700ee', '3da3c977-1c1a-4ca4-8aa6-4e5146460df7', 'https://www.visitemaurice.com/wp-content/uploads/2024/03/11.jpg', 'Blue Safari Submarine & Subscooter', '6');
insert into activity_images ("id", "activity_id", "url", "alt", "position") values ('4347fb2b-079e-493c-85ad-a87d188b5dab', '419bcd80-9ba2-4cc8-adbe-db96d89831d2', 'https://www.visitemaurice.com/wp-content/uploads/2024/03/combien-coute-un-vol-helico-prive-Corail-Helicopteres.jpg', 'Helicopter Tour of Mauritius', '0');
insert into activity_images ("id", "activity_id", "url", "alt", "position") values ('c80993cd-499f-46b8-b68d-38948672e507', '419bcd80-9ba2-4cc8-adbe-db96d89831d2', 'https://www.visitemaurice.com/wp-content/uploads/2024/03/helicopter.jpg', 'Helicopter Tour of Mauritius', '1');
insert into activity_images ("id", "activity_id", "url", "alt", "position") values ('6f1c762e-b30f-443b-944c-99a0dbdbc606', '419bcd80-9ba2-4cc8-adbe-db96d89831d2', 'https://www.visitemaurice.com/wp-content/uploads/2024/03/grisgris.jpg', 'Helicopter Tour of Mauritius', '2');
insert into activity_images ("id", "activity_id", "url", "alt", "position") values ('d49b0e21-579b-463e-8378-a96c9bcbfb8c', '419bcd80-9ba2-4cc8-adbe-db96d89831d2', 'https://www.visitemaurice.com/wp-content/uploads/2024/03/image003.jpg', 'Helicopter Tour of Mauritius', '3');
insert into activity_images ("id", "activity_id", "url", "alt", "position") values ('5f88d9e8-8771-4f2b-8c52-5fab61f78991', '419bcd80-9ba2-4cc8-adbe-db96d89831d2', 'https://www.visitemaurice.com/wp-content/uploads/2024/03/image004.jpg', 'Helicopter Tour of Mauritius', '4');
insert into activity_images ("id", "activity_id", "url", "alt", "position") values ('e416e742-46ab-474c-994a-16c0eb79b300', '419bcd80-9ba2-4cc8-adbe-db96d89831d2', 'https://www.visitemaurice.com/wp-content/uploads/2024/03/standard-300x225-1.jpg', 'Helicopter Tour of Mauritius', '5');
insert into activity_images ("id", "activity_id", "url", "alt", "position") values ('146a7f29-211d-4aeb-99d0-c8af284a414b', '419bcd80-9ba2-4cc8-adbe-db96d89831d2', 'https://www.visitemaurice.com/wp-content/uploads/2024/03/suv-300x225-1.jpg', 'Helicopter Tour of Mauritius', '6');
insert into activity_images ("id", "activity_id", "url", "alt", "position") values ('cd774899-a25d-4fd8-8526-f2023d4f1b27', '419bcd80-9ba2-4cc8-adbe-db96d89831d2', 'https://www.visitemaurice.com/wp-content/uploads/2024/03/6-seaters-taxi.jpg', 'Helicopter Tour of Mauritius', '7');
insert into activity_images ("id", "activity_id", "url", "alt", "position") values ('f0e3c9d0-b0da-430a-a243-46aa3983c12a', '46812499-46a5-482c-ac5c-b035b02929b3', 'https://www.visitemaurice.com/wp-content/uploads/2024/03/blackriverhiking.jpg', 'Black River Gorges Hiking', '0');
insert into activity_images ("id", "activity_id", "url", "alt", "position") values ('26e2faea-3053-4f09-97fb-256dacb68085', '46812499-46a5-482c-ac5c-b035b02929b3', 'https://www.visitemaurice.com/wp-content/uploads/2024/03/Mauritius_Black-River-Gorges-National-Park-01.jpg', 'Black River Gorges Hiking', '1');
insert into activity_images ("id", "activity_id", "url", "alt", "position") values ('85471453-cf85-4375-9074-8fc49df8c6f2', '46812499-46a5-482c-ac5c-b035b02929b3', 'https://www.visitemaurice.com/wp-content/uploads/2024/03/hiking-the-black-river-gorges-full-day-incl-lunch-transfer-2359813.jpg', 'Black River Gorges Hiking', '2');
insert into activity_images ("id", "activity_id", "url", "alt", "position") values ('69d14832-36b1-4018-927f-ba021a631a6f', '46812499-46a5-482c-ac5c-b035b02929b3', 'https://www.visitemaurice.com/wp-content/uploads/2024/03/image02.jpg', 'Black River Gorges Hiking', '3');
insert into activity_images ("id", "activity_id", "url", "alt", "position") values ('902f86d2-5243-4b7b-a551-5ae83ff5312b', '46812499-46a5-482c-ac5c-b035b02929b3', 'https://dwjkfowhrrvdiqligxcj.supabase.co/storage/v1/object/public/activity-images/black-river-gorges-hiking/1783248984694-839k6h.jpg', NULL, '4');
insert into activity_images ("id", "activity_id", "url", "alt", "position") values ('c5aa84bd-a946-4b6c-bcfd-9e6aa04de322', '46812499-46a5-482c-ac5c-b035b02929b3', 'https://dwjkfowhrrvdiqligxcj.supabase.co/storage/v1/object/public/activity-images/black-river-gorges-hiking/1783248986198-fcwy0t.jpg', NULL, '5');
insert into activity_images ("id", "activity_id", "url", "alt", "position") values ('c7a5227e-6d4e-4133-b3f7-14f53f184534', '46812499-46a5-482c-ac5c-b035b02929b3', 'https://dwjkfowhrrvdiqligxcj.supabase.co/storage/v1/object/public/activity-images/black-river-gorges-hiking/1783248986850-k4kxnw.jpg', NULL, '6');
insert into activity_images ("id", "activity_id", "url", "alt", "position") values ('20630e21-c328-4a95-b0c9-8b9e2b651229', '46f8ee0b-3c53-4c77-9461-a8d6a237267e', 'https://www.visitemaurice.com/wp-content/uploads/2024/03/pexels-toulouse-3098970.jpg', 'Diving with bottle – Scuba Dive', '0');
insert into activity_images ("id", "activity_id", "url", "alt", "position") values ('37a7cc42-a005-4b33-b4f0-d8c8e1739f0d', '46f8ee0b-3c53-4c77-9461-a8d6a237267e', 'https://www.visitemaurice.com/wp-content/uploads/2024/03/pexels-tomfisk-1522160.jpg', 'Diving with bottle – Scuba Dive', '1');
insert into activity_images ("id", "activity_id", "url", "alt", "position") values ('45e8a86c-9a6d-4676-9750-92bd89acdbd3', '46f8ee0b-3c53-4c77-9461-a8d6a237267e', 'https://www.visitemaurice.com/wp-content/uploads/2024/03/pexels-miles-hardacre-1263314-2404370.jpg', 'Diving with bottle – Scuba Dive', '2');
insert into activity_images ("id", "activity_id", "url", "alt", "position") values ('5ea77dbb-f375-4dd1-8404-c71f94fc77fe', '46f8ee0b-3c53-4c77-9461-a8d6a237267e', 'https://www.visitemaurice.com/wp-content/uploads/2024/03/pexels-freestockpro-1540108.jpg', 'Diving with bottle – Scuba Dive', '3');
insert into activity_images ("id", "activity_id", "url", "alt", "position") values ('f27d55a2-60be-443a-8b32-54f0d6b8b0be', '46f8ee0b-3c53-4c77-9461-a8d6a237267e', 'https://dwjkfowhrrvdiqligxcj.supabase.co/storage/v1/object/public/activity-images/scubadiving/1783163031081-za32p5.jpg', NULL, '4');
insert into activity_images ("id", "activity_id", "url", "alt", "position") values ('e099d7b7-cf07-4ea0-a906-c2a44d1e03a7', '4cadf649-b9db-4911-96f4-cc10d67aa981', 'https://www.visitemaurice.com/wp-content/uploads/2024/03/pexels-hasanguher-6372752.jpg', 'Tandem Skydiving in Mauritius', '0');
insert into activity_images ("id", "activity_id", "url", "alt", "position") values ('f6ebaa0b-de63-45cc-b147-de3e414c53e7', '4cadf649-b9db-4911-96f4-cc10d67aa981', 'https://www.visitemaurice.com/wp-content/uploads/2024/03/skydive1-1.jpg', 'Tandem Skydiving in Mauritius', '1');
insert into activity_images ("id", "activity_id", "url", "alt", "position") values ('acd5c636-b352-4f4b-811b-f6fe3c49ec00', '4cadf649-b9db-4911-96f4-cc10d67aa981', 'https://www.visitemaurice.com/wp-content/uploads/2024/03/skydive3-1.jpg', 'Tandem Skydiving in Mauritius', '2');
insert into activity_images ("id", "activity_id", "url", "alt", "position") values ('b3494848-27f6-4de9-bc07-96d794158c7a', '4cadf649-b9db-4911-96f4-cc10d67aa981', 'https://www.visitemaurice.com/wp-content/uploads/2024/03/skydive2-1.jpg', 'Tandem Skydiving in Mauritius', '3');
insert into activity_images ("id", "activity_id", "url", "alt", "position") values ('76f6e972-ca67-41cd-a98a-54a574474178', '4cadf649-b9db-4911-96f4-cc10d67aa981', 'https://www.visitemaurice.com/wp-content/uploads/2024/03/standard-300x225-1.jpg', 'Tandem Skydiving in Mauritius', '4');
insert into activity_images ("id", "activity_id", "url", "alt", "position") values ('a0f6a23e-a488-4596-b03d-2612f274a4fe', '4cadf649-b9db-4911-96f4-cc10d67aa981', 'https://www.visitemaurice.com/wp-content/uploads/2024/03/suv-300x225-1.jpg', 'Tandem Skydiving in Mauritius', '5');
insert into activity_images ("id", "activity_id", "url", "alt", "position") values ('f0d885ac-e17b-4c00-92e5-a4e5e567363d', '4cadf649-b9db-4911-96f4-cc10d67aa981', 'https://www.visitemaurice.com/wp-content/uploads/2024/03/6-seaters-taxi.jpg', 'Tandem Skydiving in Mauritius', '6');
insert into activity_images ("id", "activity_id", "url", "alt", "position") values ('e1de4ed9-69e4-4069-824b-fb249e4303e3', '4cadf649-b9db-4911-96f4-cc10d67aa981', 'https://www.visitemaurice.com/wp-content/uploads/2024/03/minibus-300x225-1.jpg', 'Tandem Skydiving in Mauritius', '7');
insert into activity_images ("id", "activity_id", "url", "alt", "position") values ('91e762a0-34f6-4ad7-9177-75c5456e48a7', '4dc413ac-04ef-433b-b0c3-b93b224c6e05', 'https://www.visitemaurice.com/wp-content/uploads/2024/03/pexels-fatih-turan-63325184-17937827.jpg', 'Hiking Le Morne', '0');
insert into activity_images ("id", "activity_id", "url", "alt", "position") values ('02c58dc3-2a62-43da-981a-022c13602759', '4dc413ac-04ef-433b-b0c3-b93b224c6e05', 'https://www.visitemaurice.com/wp-content/uploads/2024/03/20230824_100355-scaled.jpg', 'Hiking Le Morne', '1');
insert into activity_images ("id", "activity_id", "url", "alt", "position") values ('37b45d47-dda0-45cc-bcea-17db9729579a', '4dc413ac-04ef-433b-b0c3-b93b224c6e05', 'https://www.visitemaurice.com/wp-content/uploads/2024/03/pexels-michalmarek-3703465.jpg', 'Hiking Le Morne', '2');
insert into activity_images ("id", "activity_id", "url", "alt", "position") values ('b8676df8-e633-46f4-9558-0803ab87fc26', '4dc413ac-04ef-433b-b0c3-b93b224c6e05', 'https://www.visitemaurice.com/wp-content/uploads/2024/03/655.jpg', 'Hiking Le Morne', '3');
insert into activity_images ("id", "activity_id", "url", "alt", "position") values ('93989711-2ae1-4503-970e-82ce9d0f499e', '4dc413ac-04ef-433b-b0c3-b93b224c6e05', 'https://dwjkfowhrrvdiqligxcj.supabase.co/storage/v1/object/public/activity-images/hiking-le-morne/1783247999799-0jd5uw.jpg', NULL, '4');
insert into activity_images ("id", "activity_id", "url", "alt", "position") values ('88d3dc86-1fd5-4daa-b246-48cae1bf6dd2', '4dc413ac-04ef-433b-b0c3-b93b224c6e05', 'https://dwjkfowhrrvdiqligxcj.supabase.co/storage/v1/object/public/activity-images/hiking-le-morne/1783248008282-xyugci.jpg', NULL, '5');
insert into activity_images ("id", "activity_id", "url", "alt", "position") values ('69facd56-9910-478d-b7c4-17d910480f89', '4dc413ac-04ef-433b-b0c3-b93b224c6e05', 'https://dwjkfowhrrvdiqligxcj.supabase.co/storage/v1/object/public/activity-images/hiking-le-morne/1783248077473-zbirtz.jpeg', NULL, '6');
insert into activity_images ("id", "activity_id", "url", "alt", "position") values ('f3ef5246-ff2d-4aaa-b8fa-8b39b62ca74a', '4dc413ac-04ef-433b-b0c3-b93b224c6e05', 'https://dwjkfowhrrvdiqligxcj.supabase.co/storage/v1/object/public/activity-images/hiking-le-morne/1783248078940-vtgvlw.jpeg', NULL, '7');
insert into activity_images ("id", "activity_id", "url", "alt", "position") values ('946b33fa-740d-455f-bd42-631aa5fb47d2', '4ed33705-839e-4b55-8546-cfbbf516775e', 'https://dwjkfowhrrvdiqligxcj.supabase.co/storage/v1/object/public/activity-images/swim-with-dolphins-south-tours-all-inclusive/1783014991585-jnpr4s.jpeg', NULL, '0');
insert into activity_images ("id", "activity_id", "url", "alt", "position") values ('227d892e-0d73-46d2-a113-c54cb9ebb0cb', '4ed33705-839e-4b55-8546-cfbbf516775e', 'https://dwjkfowhrrvdiqligxcj.supabase.co/storage/v1/object/public/activity-images/swim-with-dolphins-south-tours-all-inclusive/1783014992913-t9s3vi.jpg', NULL, '1');
insert into activity_images ("id", "activity_id", "url", "alt", "position") values ('e167cca9-591b-4904-aa8b-93b6d158db2d', '4ed33705-839e-4b55-8546-cfbbf516775e', 'https://dwjkfowhrrvdiqligxcj.supabase.co/storage/v1/object/public/activity-images/swim-with-dolphins-south-tours-all-inclusive/1783014993734-txu0t9.jpg', NULL, '2');
insert into activity_images ("id", "activity_id", "url", "alt", "position") values ('edd43f9d-8881-4040-bf3d-a45f843cbe76', '4ed33705-839e-4b55-8546-cfbbf516775e', 'https://dwjkfowhrrvdiqligxcj.supabase.co/storage/v1/object/public/activity-images/swim-with-dolphins-south-tours-all-inclusive/1783014994448-zlxjfn.jpg', NULL, '3');
insert into activity_images ("id", "activity_id", "url", "alt", "position") values ('098fe8ba-dbef-4a88-b66e-74321c31fecd', '4ed33705-839e-4b55-8546-cfbbf516775e', 'https://dwjkfowhrrvdiqligxcj.supabase.co/storage/v1/object/public/activity-images/swim-with-dolphins-south-tours-all-inclusive/1783014995269-jqvt8o.jpg', NULL, '4');
insert into activity_images ("id", "activity_id", "url", "alt", "position") values ('aa909d0c-71c9-4d84-9fc4-22c246525997', '4ffb45b2-365d-4884-afbc-84aca75de00f', 'https://dwjkfowhrrvdiqligxcj.supabase.co/storage/v1/object/public/activity-images/catapseed-5-islands/1783530705698-bp2oec.jpeg', NULL, '0');
insert into activity_images ("id", "activity_id", "url", "alt", "position") values ('7f27fc7a-39d1-459b-89b4-3116504b8b7b', '4ffb45b2-365d-4884-afbc-84aca75de00f', 'https://dwjkfowhrrvdiqligxcj.supabase.co/storage/v1/object/public/activity-images/catapseed-5-islands/1783530703290-1hpkvn.jpeg', NULL, '1');
insert into activity_images ("id", "activity_id", "url", "alt", "position") values ('42811e43-69b4-4b01-84ad-14e3aa340f96', '4ffb45b2-365d-4884-afbc-84aca75de00f', 'https://dwjkfowhrrvdiqligxcj.supabase.co/storage/v1/object/public/activity-images/catapseed-5-islands/1783530743725-0v1wqm.jpg', NULL, '2');
insert into activity_images ("id", "activity_id", "url", "alt", "position") values ('8869faef-3b48-4959-bb3c-1029799e7713', '4ffb45b2-365d-4884-afbc-84aca75de00f', 'https://dwjkfowhrrvdiqligxcj.supabase.co/storage/v1/object/public/activity-images/catapseed-5-islands/1783530745328-6vnpb2.jpg', NULL, '3');
insert into activity_images ("id", "activity_id", "url", "alt", "position") values ('443587e7-1042-4404-8ac5-f7cebba41ffc', '4ffb45b2-365d-4884-afbc-84aca75de00f', 'https://dwjkfowhrrvdiqligxcj.supabase.co/storage/v1/object/public/activity-images/catapseed-5-islands/1783530746073-w8f6d6.jpg', NULL, '4');
insert into activity_images ("id", "activity_id", "url", "alt", "position") values ('391d2931-8fd2-4035-b467-fce3b96bcda4', '56e84f5b-ac60-486c-8937-3aee22812365', 'https://www.visitemaurice.com/wp-content/uploads/2024/09/pexels-andre-estevez-1743712-3309785.jpg', 'Encountering the Whales and swim with Dolphins excursion', '0');
insert into activity_images ("id", "activity_id", "url", "alt", "position") values ('f75020c8-5ef2-46ba-a57a-578ade9c29fe', '59d694e1-e076-4cec-b761-b462687e26a0', 'https://dwjkfowhrrvdiqligxcj.supabase.co/storage/v1/object/public/activity-images/catamaran-cruise-ile-aux-cerfs/1782923550122-e7ne1q.jpg', NULL, '0');
insert into activity_images ("id", "activity_id", "url", "alt", "position") values ('3038a780-c309-4bb4-b363-c419b077a0b0', '59d694e1-e076-4cec-b761-b462687e26a0', 'https://dwjkfowhrrvdiqligxcj.supabase.co/storage/v1/object/public/activity-images/catamaran-cruise-ile-aux-cerfs/1782923685101-dhs7ks.jpg', NULL, '1');
insert into activity_images ("id", "activity_id", "url", "alt", "position") values ('78dc6c60-8180-464d-892e-b4120f01245d', '59d694e1-e076-4cec-b761-b462687e26a0', 'https://dwjkfowhrrvdiqligxcj.supabase.co/storage/v1/object/public/activity-images/catamaran-cruise-ile-aux-cerfs/1782923900769-hwwv6m.jpg', NULL, '2');
insert into activity_images ("id", "activity_id", "url", "alt", "position") values ('a8f83056-7403-4335-8e7e-9ec0724a56ec', '59d694e1-e076-4cec-b761-b462687e26a0', 'https://dwjkfowhrrvdiqligxcj.supabase.co/storage/v1/object/public/activity-images/catamaran-cruise-ile-aux-cerfs/1782923073812-pfx68s.jpg', NULL, '3');
insert into activity_images ("id", "activity_id", "url", "alt", "position") values ('d4a28f3c-3d23-4b08-9402-fcc1d2d04d06', '59d694e1-e076-4cec-b761-b462687e26a0', 'https://dwjkfowhrrvdiqligxcj.supabase.co/storage/v1/object/public/activity-images/catamaran-cruise-ile-aux-cerfs/1782923081752-yl79fp.jpg', NULL, '4');
insert into activity_images ("id", "activity_id", "url", "alt", "position") values ('b69778e8-5ded-4f53-825d-11004df85eb3', '59d694e1-e076-4cec-b761-b462687e26a0', 'https://dwjkfowhrrvdiqligxcj.supabase.co/storage/v1/object/public/activity-images/catamaran-cruise-ile-aux-cerfs/1782923078883-9flqop.jpg', NULL, '5');
insert into activity_images ("id", "activity_id", "url", "alt", "position") values ('b2225f9e-66d4-4ffd-8726-492aaabf6a70', '59d694e1-e076-4cec-b761-b462687e26a0', 'https://dwjkfowhrrvdiqligxcj.supabase.co/storage/v1/object/public/activity-images/catamaran-cruise-ile-aux-cerfs/1782923083007-omwhtf.jpg', NULL, '6');
insert into activity_images ("id", "activity_id", "url", "alt", "position") values ('cdb8d53f-c215-4c6d-ab12-b7404ec4de87', '59d694e1-e076-4cec-b761-b462687e26a0', 'https://dwjkfowhrrvdiqligxcj.supabase.co/storage/v1/object/public/activity-images/catamaran-cruise-ile-aux-cerfs/1782923076121-lh9iel.jpg', NULL, '7');
insert into activity_images ("id", "activity_id", "url", "alt", "position") values ('6b8cd47b-1d4b-4e44-9b5e-54c632dadd60', '59d694e1-e076-4cec-b761-b462687e26a0', 'https://dwjkfowhrrvdiqligxcj.supabase.co/storage/v1/object/public/activity-images/catamaran-cruise-ile-aux-cerfs/1782923081113-m7hhs8.jpg', NULL, '8');
insert into activity_images ("id", "activity_id", "url", "alt", "position") values ('47b6ee61-38a7-4870-a08e-e5594102f1f1', '59d694e1-e076-4cec-b761-b462687e26a0', 'https://dwjkfowhrrvdiqligxcj.supabase.co/storage/v1/object/public/activity-images/catamaran-cruise-ile-aux-cerfs/1782923079698-420b51.jpg', NULL, '9');
insert into activity_images ("id", "activity_id", "url", "alt", "position") values ('a2f528d2-4566-4986-b04f-7fb930045bb9', '59d694e1-e076-4cec-b761-b462687e26a0', 'https://dwjkfowhrrvdiqligxcj.supabase.co/storage/v1/object/public/activity-images/catamaran-cruise-ile-aux-cerfs/1782923082383-m8dch9.jpg', NULL, '10');
insert into activity_images ("id", "activity_id", "url", "alt", "position") values ('5cf53d02-e4d7-48f6-9f85-448daa7dfa33', '59d694e1-e076-4cec-b761-b462687e26a0', 'https://dwjkfowhrrvdiqligxcj.supabase.co/storage/v1/object/public/activity-images/catamaran-cruise-ile-aux-cerfs/1782923083394-msc50u.jpg', NULL, '11');
insert into activity_images ("id", "activity_id", "url", "alt", "position") values ('2af16aeb-4c4e-4e44-863a-165b322707fb', '59d694e1-e076-4cec-b761-b462687e26a0', 'https://dwjkfowhrrvdiqligxcj.supabase.co/storage/v1/object/public/activity-images/catamaran-cruise-ile-aux-cerfs/1782923084106-6hftz0.jpg', NULL, '12');
insert into activity_images ("id", "activity_id", "url", "alt", "position") values ('8c33e657-1a68-4857-8fbe-3486fdf6223f', '59d694e1-e076-4cec-b761-b462687e26a0', 'https://dwjkfowhrrvdiqligxcj.supabase.co/storage/v1/object/public/activity-images/catamaran-cruise-ile-aux-cerfs/1782923084986-ahq9vw.jpg', NULL, '13');
insert into activity_images ("id", "activity_id", "url", "alt", "position") values ('08aa3e5e-7e4f-4556-afa5-d6461fb855d7', '6527f2f3-5e9a-4823-956f-3079253e07d7', 'https://dwjkfowhrrvdiqligxcj.supabase.co/storage/v1/object/public/activity-images/tea-tasting-tour/1782323850522-5yq19i.jpg', NULL, '0');
insert into activity_images ("id", "activity_id", "url", "alt", "position") values ('be1fd9bc-0c61-455a-a936-cce1b2585ee1', '6527f2f3-5e9a-4823-956f-3079253e07d7', 'https://dwjkfowhrrvdiqligxcj.supabase.co/storage/v1/object/public/activity-images/south-east-tour/1781652815563-ewmi20.jpg', NULL, '1');
insert into activity_images ("id", "activity_id", "url", "alt", "position") values ('41f462cb-26e0-4166-8d3b-5982290b51d0', '6527f2f3-5e9a-4823-956f-3079253e07d7', 'https://dwjkfowhrrvdiqligxcj.supabase.co/storage/v1/object/public/activity-images/tea-tasting-tour/1782323691914-rkrurn.jpg', NULL, '2');
insert into activity_images ("id", "activity_id", "url", "alt", "position") values ('91067e04-5a66-42ac-b014-4a4ab795f39b', '6527f2f3-5e9a-4823-956f-3079253e07d7', 'https://dwjkfowhrrvdiqligxcj.supabase.co/storage/v1/object/public/activity-images/south-east-tour/1781652808477-7nnbet.jpg', NULL, '3');
insert into activity_images ("id", "activity_id", "url", "alt", "position") values ('43d873b8-991a-4650-bdc6-b6b38004a97f', '6527f2f3-5e9a-4823-956f-3079253e07d7', 'https://dwjkfowhrrvdiqligxcj.supabase.co/storage/v1/object/public/activity-images/south-east-tour/1781652811812-8nklij.jpg', NULL, '4');
insert into activity_images ("id", "activity_id", "url", "alt", "position") values ('a25ef68e-9ba2-4c16-ba0f-94fdc4820dfa', '6527f2f3-5e9a-4823-956f-3079253e07d7', 'https://dwjkfowhrrvdiqligxcj.supabase.co/storage/v1/object/public/activity-images/tea-tasting-tour/1782323849110-w0aysk.jpg', NULL, '5');
insert into activity_images ("id", "activity_id", "url", "alt", "position") values ('ff41ea8d-b60d-46e6-b47b-b8e147b1b359', '6527f2f3-5e9a-4823-956f-3079253e07d7', 'https://dwjkfowhrrvdiqligxcj.supabase.co/storage/v1/object/public/activity-images/tea-tasting-tour/1782323588827-6vw5lc.jpg', NULL, '6');
insert into activity_images ("id", "activity_id", "url", "alt", "position") values ('eea0efb5-08f4-41ea-b9a9-647843812238', '6527f2f3-5e9a-4823-956f-3079253e07d7', 'https://dwjkfowhrrvdiqligxcj.supabase.co/storage/v1/object/public/activity-images/south-east-tour/1781652806586-dn9tgg.jpg', NULL, '7');
insert into activity_images ("id", "activity_id", "url", "alt", "position") values ('306b25f2-13b1-4ed5-adb8-7084915d9d78', '6527f2f3-5e9a-4823-956f-3079253e07d7', 'https://dwjkfowhrrvdiqligxcj.supabase.co/storage/v1/object/public/activity-images/south-east-tour/1781652812913-t7a617.jpg', NULL, '8');
insert into activity_images ("id", "activity_id", "url", "alt", "position") values ('9933003e-d55d-4577-82ad-4c7d39f5a4cc', '6527f2f3-5e9a-4823-956f-3079253e07d7', 'https://dwjkfowhrrvdiqligxcj.supabase.co/storage/v1/object/public/activity-images/south-east-tour/1781652816190-4go6w0.jpg', NULL, '9');
insert into activity_images ("id", "activity_id", "url", "alt", "position") values ('2acfbf2d-f7ab-4ffb-a831-ba5a4f9cd022', '6527f2f3-5e9a-4823-956f-3079253e07d7', 'https://dwjkfowhrrvdiqligxcj.supabase.co/storage/v1/object/public/activity-images/south-east-tour/1781652816784-ekl7yv.jpeg', NULL, '10');
insert into activity_images ("id", "activity_id", "url", "alt", "position") values ('fe5c539d-bf28-4f53-8516-f828f16ac108', '6527f2f3-5e9a-4823-956f-3079253e07d7', 'https://dwjkfowhrrvdiqligxcj.supabase.co/storage/v1/object/public/activity-images/south-east-tour/1781652817359-jnc2a1.jpg', NULL, '11');
insert into activity_images ("id", "activity_id", "url", "alt", "position") values ('1ccdbe2d-2439-40b7-9724-ed97534f5bd2', '67b2f533-d3c5-47cb-98cf-456c45f44130', 'https://dwjkfowhrrvdiqligxcj.supabase.co/storage/v1/object/public/activity-images/horse-back-riding-on-the-beach/1783438625545-9esj50.jpeg', NULL, '0');
insert into activity_images ("id", "activity_id", "url", "alt", "position") values ('1bf6377c-7cea-4c8c-a4e5-b5d7e25b7d96', '67b2f533-d3c5-47cb-98cf-456c45f44130', 'https://dwjkfowhrrvdiqligxcj.supabase.co/storage/v1/object/public/activity-images/horse-back-riding-on-the-beach/1783438908271-smxu4n.jpeg', NULL, '1');
insert into activity_images ("id", "activity_id", "url", "alt", "position") values ('55ec4562-1f1d-4ac1-bb79-9bd12b70c24a', '67b2f533-d3c5-47cb-98cf-456c45f44130', 'https://dwjkfowhrrvdiqligxcj.supabase.co/storage/v1/object/public/activity-images/horse-back-riding-on-the-beach/1783438628245-2ipwg1.jpeg', NULL, '2');
insert into activity_images ("id", "activity_id", "url", "alt", "position") values ('a7eb602e-b7a2-4741-9aa7-76bb24b704ef', '67b2f533-d3c5-47cb-98cf-456c45f44130', 'https://dwjkfowhrrvdiqligxcj.supabase.co/storage/v1/object/public/activity-images/horse-back-riding-on-the-beach/1783438629831-c7jvll.jpeg', NULL, '3');
insert into activity_images ("id", "activity_id", "url", "alt", "position") values ('7604aa77-04dc-4f3f-9c7c-3ba8525bab80', '67b2f533-d3c5-47cb-98cf-456c45f44130', 'https://dwjkfowhrrvdiqligxcj.supabase.co/storage/v1/object/public/activity-images/horse-back-riding-on-the-beach/1783438882098-yzh5i4.jpeg', NULL, '4');
insert into activity_images ("id", "activity_id", "url", "alt", "position") values ('86a65e0d-6fc7-4cb3-bf42-6a7809b729ed', '67b2f533-d3c5-47cb-98cf-456c45f44130', 'https://dwjkfowhrrvdiqligxcj.supabase.co/storage/v1/object/public/activity-images/horse-back-riding-on-the-beach/1783438883588-w2jf2k.jpeg', NULL, '5');
insert into activity_images ("id", "activity_id", "url", "alt", "position") values ('211bbd32-878d-4cae-a41b-9127c76908e4', '83ec6f71-6e52-4406-ad53-74ab45d1bd21', 'https://dwjkfowhrrvdiqligxcj.supabase.co/storage/v1/object/public/activity-images/private-full-day-5-islands-tour-ile-aux-cerfs-with-lunch/1783964823603-te6nos.jpg', NULL, '0');
insert into activity_images ("id", "activity_id", "url", "alt", "position") values ('dd172769-85b2-45da-81f8-35d4350b7fa6', '83ec6f71-6e52-4406-ad53-74ab45d1bd21', 'https://dwjkfowhrrvdiqligxcj.supabase.co/storage/v1/object/public/activity-images/private-full-day-5-islands-tour-ile-aux-cerfs-with-lunch/1783964810560-rsn78n.jpg', NULL, '1');
insert into activity_images ("id", "activity_id", "url", "alt", "position") values ('f08f3efb-b2e3-4c2c-9103-28efa0f24551', '83ec6f71-6e52-4406-ad53-74ab45d1bd21', 'https://dwjkfowhrrvdiqligxcj.supabase.co/storage/v1/object/public/activity-images/private-full-day-5-islands-tour-ile-aux-cerfs-with-lunch/1783964815941-duyylz.jpg', NULL, '2');
insert into activity_images ("id", "activity_id", "url", "alt", "position") values ('faee5a3f-6603-4fe8-8c1a-71f6bae39faf', '83ec6f71-6e52-4406-ad53-74ab45d1bd21', 'https://dwjkfowhrrvdiqligxcj.supabase.co/storage/v1/object/public/activity-images/private-full-day-5-islands-tour-ile-aux-cerfs-with-lunch/1783964819614-1gw2rv.jpg', NULL, '3');
insert into activity_images ("id", "activity_id", "url", "alt", "position") values ('6fd8b713-9f0a-46b5-9c88-111e2b9e7386', '83ec6f71-6e52-4406-ad53-74ab45d1bd21', 'https://dwjkfowhrrvdiqligxcj.supabase.co/storage/v1/object/public/activity-images/private-full-day-5-islands-tour-ile-aux-cerfs-with-lunch/1783964822070-f9nwhq.jpg', NULL, '4');
insert into activity_images ("id", "activity_id", "url", "alt", "position") values ('1b6c18f4-2a7f-449d-9a08-7b19a5a8b358', '83ec6f71-6e52-4406-ad53-74ab45d1bd21', 'https://dwjkfowhrrvdiqligxcj.supabase.co/storage/v1/object/public/activity-images/private-full-day-5-islands-tour-ile-aux-cerfs-with-lunch/1783964854835-m89wfe.jpg', NULL, '5');
insert into activity_images ("id", "activity_id", "url", "alt", "position") values ('4e803383-4a76-4be7-877c-73fd7b4bbc4f', '8d143960-f55b-4658-9a9d-d798726207f0', 'https://dwjkfowhrrvdiqligxcj.supabase.co/storage/v1/object/public/activity-images/private-full-day-western-cruise-catamaran/1783963433188-ste0v9.jpeg', NULL, '0');
insert into activity_images ("id", "activity_id", "url", "alt", "position") values ('875349b6-ca42-4fdb-9557-e8ad5f391ae4', '8d143960-f55b-4658-9a9d-d798726207f0', 'https://dwjkfowhrrvdiqligxcj.supabase.co/storage/v1/object/public/activity-images/private-full-day-western-cruise-catamaran/1783963350985-s5du1x.jpg', NULL, '1');
insert into activity_images ("id", "activity_id", "url", "alt", "position") values ('7e41e627-ed2a-4239-a47e-6f3d8ad0f346', '8d143960-f55b-4658-9a9d-d798726207f0', 'https://dwjkfowhrrvdiqligxcj.supabase.co/storage/v1/object/public/activity-images/private-full-day-western-cruise-catamaran/1783963335745-8utn8j.jpg', NULL, '2');
insert into activity_images ("id", "activity_id", "url", "alt", "position") values ('0b634c35-9d8c-492a-801c-13e8d1dad28c', '8d143960-f55b-4658-9a9d-d798726207f0', 'https://dwjkfowhrrvdiqligxcj.supabase.co/storage/v1/object/public/activity-images/private-full-day-western-cruise-catamaran/1783963337877-0jti31.jpg', NULL, '3');
insert into activity_images ("id", "activity_id", "url", "alt", "position") values ('00430565-85af-41ff-bc4c-b965e334a8aa', '8d143960-f55b-4658-9a9d-d798726207f0', 'https://dwjkfowhrrvdiqligxcj.supabase.co/storage/v1/object/public/activity-images/private-full-day-western-cruise-catamaran/1783963431490-qobd3n.jpeg', NULL, '4');
insert into activity_images ("id", "activity_id", "url", "alt", "position") values ('5ea6b63c-f2a9-4f06-a321-162d28b84e32', '9962c783-f94a-41b3-bc9f-db2980aefe6b', 'https://dwjkfowhrrvdiqligxcj.supabase.co/storage/v1/object/public/activity-images/catamaran-cruise-3-northern-island-adventure/1782925195505-lh9q0b.jpg', NULL, '0');
insert into activity_images ("id", "activity_id", "url", "alt", "position") values ('9407fd16-66e9-4a80-8f47-657970f110ac', '9962c783-f94a-41b3-bc9f-db2980aefe6b', 'https://www.visitemaurice.com/wp-content/uploads/2024/03/DJI_5017-scaled.jpeg', 'Catamaran Cruise 3 Northern Island Adventure (All-inclusive)', '1');
insert into activity_images ("id", "activity_id", "url", "alt", "position") values ('0a5c6d92-9860-4eb6-9914-41737e8f292c', '9962c783-f94a-41b3-bc9f-db2980aefe6b', 'https://www.visitemaurice.com/wp-content/uploads/2024/03/3-1.jpg', 'Catamaran Cruise 3 Northern Island Adventure (All-inclusive)', '2');
insert into activity_images ("id", "activity_id", "url", "alt", "position") values ('c91debf7-7ea1-4bac-bdb5-610affc6e0d4', '9962c783-f94a-41b3-bc9f-db2980aefe6b', 'https://www.visitemaurice.com/wp-content/uploads/2024/03/5.jpg', 'Catamaran Cruise 3 Northern Island Adventure (All-inclusive)', '3');
insert into activity_images ("id", "activity_id", "url", "alt", "position") values ('df4efa42-a06e-4b91-8405-99e7c3c9dad3', '9962c783-f94a-41b3-bc9f-db2980aefe6b', 'https://www.visitemaurice.com/wp-content/uploads/2024/03/Gunners-Coin-_Snorkeling-1-scaled.jpg', 'Catamaran Cruise 3 Northern Island Adventure (All-inclusive)', '4');
insert into activity_images ("id", "activity_id", "url", "alt", "position") values ('30f6a3b7-9646-417e-b936-3d5a7a92b12c', '9962c783-f94a-41b3-bc9f-db2980aefe6b', 'https://dwjkfowhrrvdiqligxcj.supabase.co/storage/v1/object/public/activity-images/catamaran-cruise-3-northern-island-adventure/1782925152458-qrpbxc.jpeg', NULL, '5');
insert into activity_images ("id", "activity_id", "url", "alt", "position") values ('44b18e3b-ed86-4309-9e45-2bf6ea0ec97e', '9962c783-f94a-41b3-bc9f-db2980aefe6b', 'https://dwjkfowhrrvdiqligxcj.supabase.co/storage/v1/object/public/activity-images/catamaran-cruise-3-northern-island-adventure/1782925144030-vgicu9.jpg', NULL, '6');
insert into activity_images ("id", "activity_id", "url", "alt", "position") values ('5a194a99-4754-4fcf-a8db-368438e9ad55', '9962c783-f94a-41b3-bc9f-db2980aefe6b', 'https://dwjkfowhrrvdiqligxcj.supabase.co/storage/v1/object/public/activity-images/catamaran-cruise-3-northern-island-adventure/1782925146816-8mmv1h.jpeg', NULL, '7');
insert into activity_images ("id", "activity_id", "url", "alt", "position") values ('50d74937-0e76-493d-a800-cdb3632246ef', '9962c783-f94a-41b3-bc9f-db2980aefe6b', 'https://dwjkfowhrrvdiqligxcj.supabase.co/storage/v1/object/public/activity-images/catamaran-cruise-3-northern-island-adventure/1782925150119-qybzhm.jpeg', NULL, '8');
insert into activity_images ("id", "activity_id", "url", "alt", "position") values ('d84a9326-e8be-44a6-a513-ce2d177dabf2', '9962c783-f94a-41b3-bc9f-db2980aefe6b', 'https://dwjkfowhrrvdiqligxcj.supabase.co/storage/v1/object/public/activity-images/catamaran-cruise-3-northern-island-adventure/1782925154957-khos6w.jpeg', NULL, '9');
insert into activity_images ("id", "activity_id", "url", "alt", "position") values ('c2bc0d08-a953-49c8-b594-88d3213ea939', '9962c783-f94a-41b3-bc9f-db2980aefe6b', 'https://dwjkfowhrrvdiqligxcj.supabase.co/storage/v1/object/public/activity-images/catamaran-cruise-3-northern-island-adventure/1782925158900-6k6srt.jpeg', NULL, '10');
insert into activity_images ("id", "activity_id", "url", "alt", "position") values ('d728d8ee-c67b-4024-a119-aa2cf4dac932', '9962c783-f94a-41b3-bc9f-db2980aefe6b', 'https://dwjkfowhrrvdiqligxcj.supabase.co/storage/v1/object/public/activity-images/catamaran-cruise-3-northern-island-adventure/1782925162027-6ex6uw.jpg', NULL, '11');
insert into activity_images ("id", "activity_id", "url", "alt", "position") values ('e050dacd-b1ca-4b45-8b5e-08eab85edc4e', '9962c783-f94a-41b3-bc9f-db2980aefe6b', 'https://dwjkfowhrrvdiqligxcj.supabase.co/storage/v1/object/public/activity-images/catamaran-cruise-3-northern-island-adventure/1782925165069-twn7x8.jpg', NULL, '12');
insert into activity_images ("id", "activity_id", "url", "alt", "position") values ('e40821db-2257-434a-8c77-e2fe76f3b9a0', '9962c783-f94a-41b3-bc9f-db2980aefe6b', 'https://dwjkfowhrrvdiqligxcj.supabase.co/storage/v1/object/public/activity-images/catamaran-cruise-3-northern-island-adventure/1782925165911-tjlcd8.jpg', NULL, '13');
insert into activity_images ("id", "activity_id", "url", "alt", "position") values ('00ba6e1a-678a-4dcc-95e8-3205dfa3ea90', '9962c783-f94a-41b3-bc9f-db2980aefe6b', 'https://dwjkfowhrrvdiqligxcj.supabase.co/storage/v1/object/public/activity-images/catamaran-cruise-3-northern-island-adventure/1782925172863-qcwssr.jpg', NULL, '14');
insert into activity_images ("id", "activity_id", "url", "alt", "position") values ('5331270c-6937-4d8b-8aef-9a1e52a8dc94', '9962c783-f94a-41b3-bc9f-db2980aefe6b', 'https://dwjkfowhrrvdiqligxcj.supabase.co/storage/v1/object/public/activity-images/catamaran-cruise-3-northern-island-adventure/1782925183716-u1xv7n.jpg', NULL, '15');
insert into activity_images ("id", "activity_id", "url", "alt", "position") values ('135fbdb3-f5dc-4cb7-9ead-e61a59ba2f44', '9962c783-f94a-41b3-bc9f-db2980aefe6b', 'https://dwjkfowhrrvdiqligxcj.supabase.co/storage/v1/object/public/activity-images/catamaran-cruise-3-northern-island-adventure/1782925194276-jm9af5.jpg', NULL, '16');
insert into activity_images ("id", "activity_id", "url", "alt", "position") values ('31aba8c3-e6b1-4707-8441-27f99923a01d', '9962c783-f94a-41b3-bc9f-db2980aefe6b', 'https://dwjkfowhrrvdiqligxcj.supabase.co/storage/v1/object/public/activity-images/catamaran-cruise-3-northern-island-adventure/1782925194666-2ae86b.jpg', NULL, '17');
insert into activity_images ("id", "activity_id", "url", "alt", "position") values ('754f1a40-e1e8-4b24-95f1-dc8106e6c87c', '9962c783-f94a-41b3-bc9f-db2980aefe6b', 'https://dwjkfowhrrvdiqligxcj.supabase.co/storage/v1/object/public/activity-images/catamaran-cruise-3-northern-island-adventure/1782925195048-62nfpc.jpg', NULL, '18');
insert into activity_images ("id", "activity_id", "url", "alt", "position") values ('23ab7e15-278e-46c3-aebb-999fca55d28b', '9962c783-f94a-41b3-bc9f-db2980aefe6b', 'https://dwjkfowhrrvdiqligxcj.supabase.co/storage/v1/object/public/activity-images/catamaran-cruise-3-northern-island-adventure/1782925196148-k9c03z.jpeg', NULL, '19');
insert into activity_images ("id", "activity_id", "url", "alt", "position") values ('5711913f-58b6-43d3-935c-888bd282fc79', '9962c783-f94a-41b3-bc9f-db2980aefe6b', 'https://dwjkfowhrrvdiqligxcj.supabase.co/storage/v1/object/public/activity-images/catamaran-cruise-3-northern-island-adventure/1782925196872-korm6b.jpg', NULL, '20');
insert into activity_images ("id", "activity_id", "url", "alt", "position") values ('791f29bf-cf45-4632-b242-a6398081e683', 'a23001d8-f1a1-407e-9ab3-7075f4ff14ac', 'https://www.visitemaurice.com/wp-content/uploads/2024/03/quad-riding1.jpg', 'La Vallée des Couleurs Nature Park', '0');
insert into activity_images ("id", "activity_id", "url", "alt", "position") values ('bd9a2954-bed5-4719-8d86-a880fa05b2f5', 'a23001d8-f1a1-407e-9ab3-7075f4ff14ac', 'https://www.visitemaurice.com/wp-content/uploads/2024/03/zipline-1.jpg', 'La Vallée des Couleurs Nature Park', '1');
insert into activity_images ("id", "activity_id", "url", "alt", "position") values ('413440e3-63ab-4a4a-9538-9a4c846a6b6f', 'a23001d8-f1a1-407e-9ab3-7075f4ff14ac', 'https://www.visitemaurice.com/wp-content/uploads/2024/03/the-coloured-earth.jpg', 'La Vallée des Couleurs Nature Park', '2');
insert into activity_images ("id", "activity_id", "url", "alt", "position") values ('76a1c104-aff0-47e1-afc3-f7c1548f11c1', 'a23001d8-f1a1-407e-9ab3-7075f4ff14ac', 'https://www.visitemaurice.com/wp-content/uploads/2024/03/quad-riding3.jpg', 'La Vallée des Couleurs Nature Park', '3');
insert into activity_images ("id", "activity_id", "url", "alt", "position") values ('0b188332-beef-47bb-aec0-4d7d8a1aef38', 'a23001d8-f1a1-407e-9ab3-7075f4ff14ac', 'https://www.visitemaurice.com/wp-content/uploads/2024/03/quad-riding2.jpg', 'La Vallée des Couleurs Nature Park', '4');
insert into activity_images ("id", "activity_id", "url", "alt", "position") values ('b65eaa4a-ca95-4b78-afad-687c69ecd7e3', 'a9164fa6-a19b-4789-866f-0f967dcde449', 'https://dwjkfowhrrvdiqligxcj.supabase.co/storage/v1/object/public/activity-images/north-tour/1781643474596-fvr7f1.jpg', NULL, '0');
insert into activity_images ("id", "activity_id", "url", "alt", "position") values ('2e280be7-b33f-49f6-ba68-62a8e7072a9c', 'a9164fa6-a19b-4789-866f-0f967dcde449', 'https://dwjkfowhrrvdiqligxcj.supabase.co/storage/v1/object/public/activity-images/north-tour/1781643451367-w494z6.jpg', NULL, '1');
insert into activity_images ("id", "activity_id", "url", "alt", "position") values ('16a94445-9ed9-42df-905f-d5915cbff46d', 'a9164fa6-a19b-4789-866f-0f967dcde449', 'https://dwjkfowhrrvdiqligxcj.supabase.co/storage/v1/object/public/activity-images/north-tour/1781643472792-y63wvg.jpg', NULL, '2');
insert into activity_images ("id", "activity_id", "url", "alt", "position") values ('9229eca3-255b-4195-8885-ccedd1c579c3', 'a9164fa6-a19b-4789-866f-0f967dcde449', 'https://dwjkfowhrrvdiqligxcj.supabase.co/storage/v1/object/public/activity-images/north-tour/1782319863993-6beuzn.jpg', NULL, '3');
insert into activity_images ("id", "activity_id", "url", "alt", "position") values ('4d251f8e-489e-49ee-806b-5da8fabe48c2', 'a9164fa6-a19b-4789-866f-0f967dcde449', 'https://dwjkfowhrrvdiqligxcj.supabase.co/storage/v1/object/public/activity-images/north-tour/1782319814279-5dmr6n.jpg', NULL, '4');
insert into activity_images ("id", "activity_id", "url", "alt", "position") values ('1fb930d1-798c-4007-aa4a-3fba8c2945ae', 'a9164fa6-a19b-4789-866f-0f967dcde449', 'https://dwjkfowhrrvdiqligxcj.supabase.co/storage/v1/object/public/activity-images/north-tour/1781643465218-egl1g2.jpg', NULL, '5');
insert into activity_images ("id", "activity_id", "url", "alt", "position") values ('64a6a0c2-0a68-4772-b484-0918a9866974', 'a9164fa6-a19b-4789-866f-0f967dcde449', 'https://dwjkfowhrrvdiqligxcj.supabase.co/storage/v1/object/public/activity-images/north-tour/1781643453329-3xoh9q.jpg', NULL, '6');
insert into activity_images ("id", "activity_id", "url", "alt", "position") values ('3710cfcd-c2ae-4351-a978-483cc0593dea', 'a9164fa6-a19b-4789-866f-0f967dcde449', 'https://dwjkfowhrrvdiqligxcj.supabase.co/storage/v1/object/public/activity-images/north-tour/1781643456936-v6bvo1.jpg', NULL, '7');
insert into activity_images ("id", "activity_id", "url", "alt", "position") values ('61fe0215-c2a2-44a7-8a70-bdcd8ca7f6b2', 'a9164fa6-a19b-4789-866f-0f967dcde449', 'https://dwjkfowhrrvdiqligxcj.supabase.co/storage/v1/object/public/activity-images/north-tour/1781643460115-c07rap.jpeg', NULL, '8');
insert into activity_images ("id", "activity_id", "url", "alt", "position") values ('4de3a6d0-681e-4c56-8e48-19e7a9b76498', 'a9164fa6-a19b-4789-866f-0f967dcde449', 'https://dwjkfowhrrvdiqligxcj.supabase.co/storage/v1/object/public/activity-images/north-tour/1781643462295-o59ho1.jpeg', NULL, '9');
insert into activity_images ("id", "activity_id", "url", "alt", "position") values ('4ddc3198-752f-4ce5-998a-3278ce1a4665', 'a9164fa6-a19b-4789-866f-0f967dcde449', 'https://dwjkfowhrrvdiqligxcj.supabase.co/storage/v1/object/public/activity-images/north-tour/1781643463810-lqrbu1.jpeg', NULL, '10');
insert into activity_images ("id", "activity_id", "url", "alt", "position") values ('ea1d0c34-67e9-43b8-ac77-1c6ef883869d', 'a9164fa6-a19b-4789-866f-0f967dcde449', 'https://dwjkfowhrrvdiqligxcj.supabase.co/storage/v1/object/public/activity-images/north-tour/1781643466998-iutlhq.jpg', NULL, '11');
insert into activity_images ("id", "activity_id", "url", "alt", "position") values ('afa0e5ca-7c4f-4175-8879-c70da39a8fa0', 'a9164fa6-a19b-4789-866f-0f967dcde449', 'https://dwjkfowhrrvdiqligxcj.supabase.co/storage/v1/object/public/activity-images/north-tour/1781643468632-7iys1n.jpg', NULL, '12');
insert into activity_images ("id", "activity_id", "url", "alt", "position") values ('cf01df73-a46c-486d-9046-4acf008df5c3', 'a9164fa6-a19b-4789-866f-0f967dcde449', 'https://dwjkfowhrrvdiqligxcj.supabase.co/storage/v1/object/public/activity-images/north-tour/1781643469269-m60lal.jpg', NULL, '13');
insert into activity_images ("id", "activity_id", "url", "alt", "position") values ('2efe9594-38af-4e67-b2d0-1e534fbef386', 'a9164fa6-a19b-4789-866f-0f967dcde449', 'https://dwjkfowhrrvdiqligxcj.supabase.co/storage/v1/object/public/activity-images/north-tour/1781643469836-95u5pl.jpg', NULL, '14');
insert into activity_images ("id", "activity_id", "url", "alt", "position") values ('41695be1-1b95-4ca7-ae98-8fe4e10c981d', 'a9164fa6-a19b-4789-866f-0f967dcde449', 'https://dwjkfowhrrvdiqligxcj.supabase.co/storage/v1/object/public/activity-images/north-tour/1781643470427-xio55p.jpg', NULL, '15');
insert into activity_images ("id", "activity_id", "url", "alt", "position") values ('c7227109-e2c2-47fa-b718-94aad131c890', 'a9164fa6-a19b-4789-866f-0f967dcde449', 'https://dwjkfowhrrvdiqligxcj.supabase.co/storage/v1/object/public/activity-images/north-tour/1781643471026-95ewtn.jpg', NULL, '16');
insert into activity_images ("id", "activity_id", "url", "alt", "position") values ('96aa91cf-f250-4f28-9111-296cbee48686', 'a9164fa6-a19b-4789-866f-0f967dcde449', 'https://dwjkfowhrrvdiqligxcj.supabase.co/storage/v1/object/public/activity-images/north-tour/1781643471589-qt6o5k.jpg', NULL, '17');
insert into activity_images ("id", "activity_id", "url", "alt", "position") values ('4bb6e93f-c35e-40db-a983-b8f8e182383b', 'a9164fa6-a19b-4789-866f-0f967dcde449', 'https://dwjkfowhrrvdiqligxcj.supabase.co/storage/v1/object/public/activity-images/north-tour/1781643472156-mk0v1a.jpg', NULL, '18');
insert into activity_images ("id", "activity_id", "url", "alt", "position") values ('59a4a8e8-6120-436e-8783-bea17f16fd38', 'a9164fa6-a19b-4789-866f-0f967dcde449', 'https://dwjkfowhrrvdiqligxcj.supabase.co/storage/v1/object/public/activity-images/north-tour/1781643474015-qnu96v.jpg', NULL, '19');
insert into activity_images ("id", "activity_id", "url", "alt", "position") values ('d11c5d31-44ee-457d-a11c-e232b22e7976', 'bfb6c5df-ccdc-4090-bd86-a1b7491c35b6', 'https://www.visitemaurice.com/wp-content/uploads/2025/08/decouvrez-coin-de-mire-dans-le-nord-de-lile-maurice-1024x682-1.jpg', 'Flat Island, Gabriel Island and the Gunners Coin by Speedboat (Exclusive basis only)', '0');
insert into activity_images ("id", "activity_id", "url", "alt", "position") values ('49b79614-985b-46b5-b846-e163735170e2', 'bfb6c5df-ccdc-4090-bd86-a1b7491c35b6', 'https://dwjkfowhrrvdiqligxcj.supabase.co/storage/v1/object/public/activity-images/flat-island-gabriel-island-and-the-gunners-coin-by-speedboat-exclusive-basis-onl/1783013394736-l6pwev.jpg', NULL, '1');
insert into activity_images ("id", "activity_id", "url", "alt", "position") values ('1c430c09-e17f-421e-9241-d57075137685', 'bfb6c5df-ccdc-4090-bd86-a1b7491c35b6', 'https://dwjkfowhrrvdiqligxcj.supabase.co/storage/v1/object/public/activity-images/flat-island-gabriel-island-and-the-gunners-coin-by-speedboat-exclusive-basis-onl/1783013396958-wpdt2c.jpeg', NULL, '2');
insert into activity_images ("id", "activity_id", "url", "alt", "position") values ('f3a1b141-fb5b-48f2-ac6d-2519cb56a73a', 'bfb6c5df-ccdc-4090-bd86-a1b7491c35b6', 'https://dwjkfowhrrvdiqligxcj.supabase.co/storage/v1/object/public/activity-images/flat-island-gabriel-island-and-the-gunners-coin-by-speedboat-exclusive-basis-onl/1783013399921-3i3erw.jpeg', NULL, '3');
insert into activity_images ("id", "activity_id", "url", "alt", "position") values ('a3925350-9025-4480-8248-5085b5f3e2f0', 'bfb6c5df-ccdc-4090-bd86-a1b7491c35b6', 'https://dwjkfowhrrvdiqligxcj.supabase.co/storage/v1/object/public/activity-images/flat-island-gabriel-island-and-the-gunners-coin-by-speedboat-exclusive-basis-onl/1783013403148-8dwj54.jpg', NULL, '4');
insert into activity_images ("id", "activity_id", "url", "alt", "position") values ('121d3d57-5af7-4da1-a794-48c0244f58ef', 'bfb6c5df-ccdc-4090-bd86-a1b7491c35b6', 'https://dwjkfowhrrvdiqligxcj.supabase.co/storage/v1/object/public/activity-images/flat-island-gabriel-island-and-the-gunners-coin-by-speedboat-exclusive-basis-onl/1783013407140-pi4ffs.jpg', NULL, '5');
insert into activity_images ("id", "activity_id", "url", "alt", "position") values ('c2454968-728b-464c-88bc-0ca0e3b864ae', 'bfb6c5df-ccdc-4090-bd86-a1b7491c35b6', 'https://dwjkfowhrrvdiqligxcj.supabase.co/storage/v1/object/public/activity-images/flat-island-gabriel-island-and-the-gunners-coin-by-speedboat-exclusive-basis-onl/1783013414099-iwh12y.jpg', NULL, '6');
insert into activity_images ("id", "activity_id", "url", "alt", "position") values ('11b75d21-f83e-44cc-ab73-9a17fa3168f9', 'c0d11d15-ab7a-4ca0-9085-0af44c6ade2a', 'https://dwjkfowhrrvdiqligxcj.supabase.co/storage/v1/object/public/activity-images/the-blue-cruise-ile-aux-cerfs-5-islands-visit/1783011040051-h0ejtg.jpg', NULL, '0');
insert into activity_images ("id", "activity_id", "url", "alt", "position") values ('df4c3c0a-b9e0-43d6-ba35-faf6c0aec629', 'c0d11d15-ab7a-4ca0-9085-0af44c6ade2a', 'https://dwjkfowhrrvdiqligxcj.supabase.co/storage/v1/object/public/activity-images/the-blue-cruise-ile-aux-cerfs-5-islands-visit/1783011024553-mj1tgb.jpg', NULL, '1');
insert into activity_images ("id", "activity_id", "url", "alt", "position") values ('ccc6af21-625d-4bba-8cd5-d50c1d26a19c', 'c0d11d15-ab7a-4ca0-9085-0af44c6ade2a', 'https://dwjkfowhrrvdiqligxcj.supabase.co/storage/v1/object/public/activity-images/the-blue-cruise-ile-aux-cerfs-5-islands-visit/1783011040972-s6v6vd.jpg', NULL, '2');
insert into activity_images ("id", "activity_id", "url", "alt", "position") values ('4db4ec77-9a6b-47f1-958c-6cfa756d2967', 'c0d11d15-ab7a-4ca0-9085-0af44c6ade2a', 'https://dwjkfowhrrvdiqligxcj.supabase.co/storage/v1/object/public/activity-images/the-blue-cruise-ile-aux-cerfs-5-islands-visit/1783011042396-pg3nvh.jpg', NULL, '3');
insert into activity_images ("id", "activity_id", "url", "alt", "position") values ('1a794b41-307f-4dbc-b33f-9f495a2f2ced', 'c0d11d15-ab7a-4ca0-9085-0af44c6ade2a', 'https://dwjkfowhrrvdiqligxcj.supabase.co/storage/v1/object/public/activity-images/the-blue-cruise-ile-aux-cerfs-5-islands-visit/1783011042891-j70qnm.jpg', NULL, '4');
insert into activity_images ("id", "activity_id", "url", "alt", "position") values ('844bf30d-e2a8-42c0-8009-fef0007633bc', 'c82ee24e-5841-4d0f-93f2-18b226638317', 'https://www.visitemaurice.com/wp-content/uploads/2024/03/20230824_101231-scaled.jpg', 'Western Cruise Catamaran', '0');
insert into activity_images ("id", "activity_id", "url", "alt", "position") values ('6a655829-d463-4f91-8e73-e2fd31dc3ea4', 'c82ee24e-5841-4d0f-93f2-18b226638317', 'https://www.visitemaurice.com/wp-content/uploads/2024/03/IMG_40988560377817-1.jpeg', 'Western Cruise Catamaran', '1');
insert into activity_images ("id", "activity_id", "url", "alt", "position") values ('9bff8b26-f7c3-46cb-b77d-4e069d8c46e1', 'c82ee24e-5841-4d0f-93f2-18b226638317', 'https://www.visitemaurice.com/wp-content/uploads/2024/03/dji_fly_20230813_132902_0_1691918942596_photo_low_quality.jpg', 'Western Cruise Catamaran', '2');
insert into activity_images ("id", "activity_id", "url", "alt", "position") values ('1f006cde-ed65-477a-bc95-940304b37e72', 'c82ee24e-5841-4d0f-93f2-18b226638317', 'https://dwjkfowhrrvdiqligxcj.supabase.co/storage/v1/object/public/activity-images/western-cruise-catamaran/1782926103750-2vjr3q.jpeg', NULL, '3');
insert into activity_images ("id", "activity_id", "url", "alt", "position") values ('67c9231f-62a0-4acc-9f79-44424d7b013b', 'c82ee24e-5841-4d0f-93f2-18b226638317', 'https://www.visitemaurice.com/wp-content/uploads/2024/03/20230813_104716-scaled.jpg', 'Western Cruise Catamaran', '4');
insert into activity_images ("id", "activity_id", "url", "alt", "position") values ('43ceda61-2269-45b6-b68a-9adf38e6a351', 'c82ee24e-5841-4d0f-93f2-18b226638317', 'https://dwjkfowhrrvdiqligxcj.supabase.co/storage/v1/object/public/activity-images/western-cruise-catamaran/1782926057379-39ce5j.jpeg', NULL, '5');
insert into activity_images ("id", "activity_id", "url", "alt", "position") values ('009f57b0-e19f-45cc-a7ec-9ef143512f93', 'c82ee24e-5841-4d0f-93f2-18b226638317', 'https://dwjkfowhrrvdiqligxcj.supabase.co/storage/v1/object/public/activity-images/western-cruise-catamaran/1782926058637-92js6w.jpeg', NULL, '6');
insert into activity_images ("id", "activity_id", "url", "alt", "position") values ('d2ce400a-55ec-4c78-b498-8a79a1a07eb9', 'c82ee24e-5841-4d0f-93f2-18b226638317', 'https://dwjkfowhrrvdiqligxcj.supabase.co/storage/v1/object/public/activity-images/western-cruise-catamaran/1782926059449-y6p637.jpeg', NULL, '7');
insert into activity_images ("id", "activity_id", "url", "alt", "position") values ('711a96dc-1912-4c05-911a-1c153b4e9eb9', 'ca8a0ff4-e24d-4712-ac91-457ee60d6c04', 'https://dwjkfowhrrvdiqligxcj.supabase.co/storage/v1/object/public/activity-images/private-full-day-catamaran-ile-aux-cerfs/1783873704671-q97rrt.jpeg', NULL, '0');
insert into activity_images ("id", "activity_id", "url", "alt", "position") values ('b8119a0d-f82b-4896-bc10-5bb7a7428e97', 'ca8a0ff4-e24d-4712-ac91-457ee60d6c04', 'https://dwjkfowhrrvdiqligxcj.supabase.co/storage/v1/object/public/activity-images/private-full-day-catamaran-ile-aux-cerfs/1783873706193-4yru69.jpeg', NULL, '1');
insert into activity_images ("id", "activity_id", "url", "alt", "position") values ('bf760b32-b222-4ad1-ade3-674b38ca77c4', 'ca8a0ff4-e24d-4712-ac91-457ee60d6c04', 'https://dwjkfowhrrvdiqligxcj.supabase.co/storage/v1/object/public/activity-images/private-full-day-catamaran-ile-aux-cerfs/1783873772249-jnuxmj.jpg', NULL, '2');
insert into activity_images ("id", "activity_id", "url", "alt", "position") values ('2ab58e57-2490-46d0-8a99-04e9046660e2', 'ca8a0ff4-e24d-4712-ac91-457ee60d6c04', 'https://dwjkfowhrrvdiqligxcj.supabase.co/storage/v1/object/public/activity-images/private-full-day-catamaran-ile-aux-cerfs/1783873785246-qcnlzr.jpg', NULL, '3');
insert into activity_images ("id", "activity_id", "url", "alt", "position") values ('d2c9bda0-b999-42ed-a62d-ecf0c590ec63', 'ca8a0ff4-e24d-4712-ac91-457ee60d6c04', 'https://dwjkfowhrrvdiqligxcj.supabase.co/storage/v1/object/public/activity-images/private-full-day-catamaran-ile-aux-cerfs/1783873804125-j2bsud.jpg', NULL, '4');
insert into activity_images ("id", "activity_id", "url", "alt", "position") values ('d1c02746-abca-4062-878f-a22d2645cef7', 'd29e7a9e-9197-4c05-afcc-ad9f370668c5', 'https://www.visitemaurice.com/wp-content/uploads/2024/03/Dolphins-Swimming.jpg', 'Swimming with Dolphins', '0');
insert into activity_images ("id", "activity_id", "url", "alt", "position") values ('38b27991-c591-4ae3-8366-7d2dca55154b', 'd29e7a9e-9197-4c05-afcc-ad9f370668c5', 'https://www.visitemaurice.com/wp-content/uploads/2024/03/IMG_40988560377817-1.jpeg', 'Swimming with Dolphins', '1');
insert into activity_images ("id", "activity_id", "url", "alt", "position") values ('26e2bac5-75bd-48d0-9f1e-fa7debddb221', 'd29e7a9e-9197-4c05-afcc-ad9f370668c5', 'https://www.visitemaurice.com/wp-content/uploads/2024/03/nage-avec-le-dauphin-1-scaled.jpg', 'Swimming with Dolphins', '2');
insert into activity_images ("id", "activity_id", "url", "alt", "position") values ('0288dda5-beb7-46f3-a4b0-e4f2b1114e04', 'd29e7a9e-9197-4c05-afcc-ad9f370668c5', 'https://www.visitemaurice.com/wp-content/uploads/2024/03/Bellemare-tour-31.jpg', 'Swimming with Dolphins', '3');
insert into activity_images ("id", "activity_id", "url", "alt", "position") values ('9f201251-1f42-450e-bdf3-49c5cf82ef2f', 'd4dcc848-ef41-4f8f-85db-14bbd3803a2c', 'https://dwjkfowhrrvdiqligxcj.supabase.co/storage/v1/object/public/activity-images/hiking-at-the-tamarind-falls-7-cascade/1783248727878-q7erk7.jpeg', NULL, '0');
insert into activity_images ("id", "activity_id", "url", "alt", "position") values ('48962dfb-8e93-4b25-a8ff-76adf1faac7f', 'd4dcc848-ef41-4f8f-85db-14bbd3803a2c', 'https://www.visitemaurice.com/wp-content/uploads/2024/03/20230824_100523-scaled.jpg', 'Hiking At The Tamarind Falls / 7 Cascade', '1');
insert into activity_images ("id", "activity_id", "url", "alt", "position") values ('756ddec0-37cf-4324-8993-00627e261846', 'd4dcc848-ef41-4f8f-85db-14bbd3803a2c', 'https://www.visitemaurice.com/wp-content/uploads/2024/03/2-1.jpg', 'Hiking At The Tamarind Falls / 7 Cascade', '2');
insert into activity_images ("id", "activity_id", "url", "alt", "position") values ('c336aa02-00cd-441e-946e-2ea01e1bedfb', 'd4dcc848-ef41-4f8f-85db-14bbd3803a2c', 'https://www.visitemaurice.com/wp-content/uploads/2024/03/4-1.jpg', 'Hiking At The Tamarind Falls / 7 Cascade', '3');
insert into activity_images ("id", "activity_id", "url", "alt", "position") values ('19282e47-5895-4d95-b335-271f066f22df', 'd4dcc848-ef41-4f8f-85db-14bbd3803a2c', 'https://www.visitemaurice.com/wp-content/uploads/2024/03/original_album-photo-les-sept-cascades-les-plus-authentiques-alb-1-image979-1.jpg', 'Hiking At The Tamarind Falls / 7 Cascade', '4');
insert into activity_images ("id", "activity_id", "url", "alt", "position") values ('b3533b82-af85-4523-b0bc-272ccc11d6b0', 'd4dcc848-ef41-4f8f-85db-14bbd3803a2c', 'https://dwjkfowhrrvdiqligxcj.supabase.co/storage/v1/object/public/activity-images/hiking-at-the-tamarind-falls-7-cascade/1783248572977-7p0id2.jpg', NULL, '5');
insert into activity_images ("id", "activity_id", "url", "alt", "position") values ('52048f16-6412-4188-8bf8-752abcc6f41c', 'd4dcc848-ef41-4f8f-85db-14bbd3803a2c', 'https://dwjkfowhrrvdiqligxcj.supabase.co/storage/v1/object/public/activity-images/hiking-at-the-tamarind-falls-7-cascade/1783248581420-3vkc2o.jpg', NULL, '6');
insert into activity_images ("id", "activity_id", "url", "alt", "position") values ('26eab229-4db3-4266-bdc8-7f67359c238b', 'd4dcc848-ef41-4f8f-85db-14bbd3803a2c', 'https://dwjkfowhrrvdiqligxcj.supabase.co/storage/v1/object/public/activity-images/hiking-at-the-tamarind-falls-7-cascade/1783248582290-ovldyv.jpg', NULL, '7');
insert into activity_images ("id", "activity_id", "url", "alt", "position") values ('d53e5747-adbd-4edc-a33e-d1f726bb2d85', 'd4dcc848-ef41-4f8f-85db-14bbd3803a2c', 'https://dwjkfowhrrvdiqligxcj.supabase.co/storage/v1/object/public/activity-images/hiking-at-the-tamarind-falls-7-cascade/1783248583063-xc0djp.jpg', NULL, '8');
insert into activity_images ("id", "activity_id", "url", "alt", "position") values ('b80e2c55-befe-41ce-b838-053714e7fad4', 'd4dcc848-ef41-4f8f-85db-14bbd3803a2c', 'https://dwjkfowhrrvdiqligxcj.supabase.co/storage/v1/object/public/activity-images/hiking-at-the-tamarind-falls-7-cascade/1783248583775-ede41h.jpg', NULL, '9');
insert into activity_images ("id", "activity_id", "url", "alt", "position") values ('9dcd0de5-baae-4d9e-a796-90305929d769', 'dcac8588-b2f3-4802-959f-970d1aa88755', 'https://dwjkfowhrrvdiqligxcj.supabase.co/storage/v1/object/public/activity-images/private-full-day-3-northern-islands-adventure/1783961416520-w7148u.jpeg', NULL, '0');
insert into activity_images ("id", "activity_id", "url", "alt", "position") values ('a986ce03-4fd0-4426-a271-dbf999faa03f', 'dcac8588-b2f3-4802-959f-970d1aa88755', 'https://dwjkfowhrrvdiqligxcj.supabase.co/storage/v1/object/public/activity-images/private-full-day-3-northern-islands-adventure/1783961413488-z92s4p.jpg', NULL, '1');
insert into activity_images ("id", "activity_id", "url", "alt", "position") values ('2389ffee-a4d3-483f-ad9d-7c7d2f50e00b', 'dcac8588-b2f3-4802-959f-970d1aa88755', 'https://dwjkfowhrrvdiqligxcj.supabase.co/storage/v1/object/public/activity-images/private-full-day-3-northern-islands-adventure/1783961417755-9prfsu.jpg', NULL, '2');
insert into activity_images ("id", "activity_id", "url", "alt", "position") values ('f88cace7-87a2-42f5-ac2e-7e86b66a1e64', 'dcac8588-b2f3-4802-959f-970d1aa88755', 'https://dwjkfowhrrvdiqligxcj.supabase.co/storage/v1/object/public/activity-images/private-full-day-3-northern-islands-adventure/1783961419186-lixr34.jpeg', NULL, '3');
insert into activity_images ("id", "activity_id", "url", "alt", "position") values ('e0308ae6-f4a5-44db-a55a-69444865ee98', 'dcac8588-b2f3-4802-959f-970d1aa88755', 'https://dwjkfowhrrvdiqligxcj.supabase.co/storage/v1/object/public/activity-images/private-full-day-3-northern-islands-adventure/1783961426148-x6fttt.jpg', NULL, '4');
insert into activity_images ("id", "activity_id", "url", "alt", "position") values ('b41cfe20-8f53-4834-b747-12745c644f3b', 'dcad49d8-35c3-4454-a6e6-cf96743b32b9', 'https://www.visitemaurice.com/wp-content/uploads/2024/03/1-9.jpg', 'Underwater Sea Walk Excursion', '0');
insert into activity_images ("id", "activity_id", "url", "alt", "position") values ('5610174a-04a7-422c-b694-00cfffb0580d', 'dcad49d8-35c3-4454-a6e6-cf96743b32b9', 'https://www.visitemaurice.com/wp-content/uploads/2024/03/seawalk-1.jpg', 'Underwater Sea Walk Excursion', '1');
insert into activity_images ("id", "activity_id", "url", "alt", "position") values ('a04dbae8-920e-4516-8c4c-da18bcd6e540', 'dcad49d8-35c3-4454-a6e6-cf96743b32b9', 'https://www.visitemaurice.com/wp-content/uploads/2024/03/pexels-francesco-ungaro-3361052.jpg', 'Underwater Sea Walk Excursion', '2');
insert into activity_images ("id", "activity_id", "url", "alt", "position") values ('d7819d72-2c24-4af6-89a0-12ad213be89e', 'dcad49d8-35c3-4454-a6e6-cf96743b32b9', 'https://www.visitemaurice.com/wp-content/uploads/2024/03/pexels-richard-segal-732340-1645028.jpg', 'Underwater Sea Walk Excursion', '3');
insert into activity_images ("id", "activity_id", "url", "alt", "position") values ('ed445069-8420-41cf-a658-994f8d3b2fc1', 'dcad49d8-35c3-4454-a6e6-cf96743b32b9', 'https://dwjkfowhrrvdiqligxcj.supabase.co/storage/v1/object/public/activity-images/underwater-sea-walk-excursion/1783162339206-e18v6d.jpg', NULL, '4');
insert into activity_images ("id", "activity_id", "url", "alt", "position") values ('12064968-08b6-4d8c-a2fe-92ad21b1764a', 'dcad49d8-35c3-4454-a6e6-cf96743b32b9', 'https://dwjkfowhrrvdiqligxcj.supabase.co/storage/v1/object/public/activity-images/underwater-sea-walk-excursion/1783162340922-8i2nqj.jpg', NULL, '5');
insert into activity_images ("id", "activity_id", "url", "alt", "position") values ('84451202-c360-4d21-b172-86a26ace7199', 'e0a2004b-4f7a-46a2-95f7-c7866c4980c9', 'https://www.visitemaurice.com/wp-content/uploads/2024/10/DSC02794-1-scaled.jpg', 'Fly Over the Underwater Waterfall: Mauritius Seaplane Tour', '0');
insert into activity_images ("id", "activity_id", "url", "alt", "position") values ('86ff940a-9e6d-4d1b-8fcf-e1d5346c6af3', 'e0a2004b-4f7a-46a2-95f7-c7866c4980c9', 'https://www.visitemaurice.com/wp-content/uploads/2024/10/PHOTO-2024-03-19-14-21-39-1.jpg', 'Fly Over the Underwater Waterfall: Mauritius Seaplane Tour', '1');
insert into activity_images ("id", "activity_id", "url", "alt", "position") values ('e9205d08-c6df-45f0-ad5c-f9b0c519e4c2', 'e0a2004b-4f7a-46a2-95f7-c7866c4980c9', 'https://www.visitemaurice.com/wp-content/uploads/2024/10/PHOTO-2024-03-19-14-21-38-1.jpg', 'Fly Over the Underwater Waterfall: Mauritius Seaplane Tour', '2');
insert into activity_images ("id", "activity_id", "url", "alt", "position") values ('0e2ac474-b2f6-42bc-ae48-31b013789b53', 'e0a2004b-4f7a-46a2-95f7-c7866c4980c9', 'https://www.visitemaurice.com/wp-content/uploads/2024/03/standard-300x225-1.jpg', 'Fly Over the Underwater Waterfall: Mauritius Seaplane Tour', '3');
insert into activity_images ("id", "activity_id", "url", "alt", "position") values ('bbed641d-7158-4143-a565-cdc0c40b4a5b', 'e0a2004b-4f7a-46a2-95f7-c7866c4980c9', 'https://www.visitemaurice.com/wp-content/uploads/2024/03/suv-300x225-1.jpg', 'Fly Over the Underwater Waterfall: Mauritius Seaplane Tour', '4');
insert into activity_images ("id", "activity_id", "url", "alt", "position") values ('8953abea-3d85-4f14-99bd-876d007f60f5', 'e0a2004b-4f7a-46a2-95f7-c7866c4980c9', 'https://www.visitemaurice.com/wp-content/uploads/2024/03/6-seaters-taxi.jpg', 'Fly Over the Underwater Waterfall: Mauritius Seaplane Tour', '5');
insert into activity_images ("id", "activity_id", "url", "alt", "position") values ('107768b0-7883-496c-b652-96cda944acf3', 'e0a2004b-4f7a-46a2-95f7-c7866c4980c9', 'https://www.visitemaurice.com/wp-content/uploads/2024/03/minibus-300x225-1.jpg', 'Fly Over the Underwater Waterfall: Mauritius Seaplane Tour', '6');
insert into activity_images ("id", "activity_id", "url", "alt", "position") values ('aa271662-6bbc-4fac-a7a7-1b9d58c9adfe', 'e0a2004b-4f7a-46a2-95f7-c7866c4980c9', 'https://www.visitemaurice.com/wp-content/uploads/2024/03/coaster-tours.jpg', 'Fly Over the Underwater Waterfall: Mauritius Seaplane Tour', '7');
insert into activity_images ("id", "activity_id", "url", "alt", "position") values ('f955072d-0893-4a23-91c6-2fdba64e0db3', 'f286759a-7721-4414-b8fd-dc164eb3120c', 'https://dwjkfowhrrvdiqligxcj.supabase.co/storage/v1/object/public/activity-images/private-shopping-tour/1782408515459-1iqbin.webp', NULL, '0');
insert into activity_images ("id", "activity_id", "url", "alt", "position") values ('a3ecb953-e74d-41c4-87b5-d57d788886bf', 'f286759a-7721-4414-b8fd-dc164eb3120c', 'https://dwjkfowhrrvdiqligxcj.supabase.co/storage/v1/object/public/activity-images/private-shopping-tour/1782408516632-dk801s.jpg', NULL, '1');
insert into activity_images ("id", "activity_id", "url", "alt", "position") values ('28f58b97-730e-4131-b7e8-f1878f216b7d', 'f286759a-7721-4414-b8fd-dc164eb3120c', 'https://dwjkfowhrrvdiqligxcj.supabase.co/storage/v1/object/public/activity-images/private-shopping-tour/1782408517144-l9qn92.jpg', NULL, '2');
insert into activity_images ("id", "activity_id", "url", "alt", "position") values ('8b3c7f7e-976c-46bf-9012-ba6c9581fc43', 'f286759a-7721-4414-b8fd-dc164eb3120c', 'https://dwjkfowhrrvdiqligxcj.supabase.co/storage/v1/object/public/activity-images/private-shopping-tour/1782408518577-nm8fap.jpg', NULL, '3');
insert into activity_images ("id", "activity_id", "url", "alt", "position") values ('458b37d7-0034-48bc-81e5-b3ee44e02553', 'f286759a-7721-4414-b8fd-dc164eb3120c', 'https://dwjkfowhrrvdiqligxcj.supabase.co/storage/v1/object/public/activity-images/private-shopping-tour/1782408659883-pn0qdy.jpg', NULL, '4');
insert into activity_images ("id", "activity_id", "url", "alt", "position") values ('091a6f4c-1a3a-4914-a85e-f09ef3bee713', 'f286759a-7721-4414-b8fd-dc164eb3120c', 'https://dwjkfowhrrvdiqligxcj.supabase.co/storage/v1/object/public/activity-images/private-shopping-tour/1782408518986-gxckzf.jpg', NULL, '5');
insert into activity_images ("id", "activity_id", "url", "alt", "position") values ('eb16aed5-5b5a-4dc0-adb2-127cc8d6a29a', 'f328f009-1ab5-442b-ab0a-90d052ffe3eb', 'https://www.visitemaurice.com/wp-content/uploads/2024/03/saute-de-dauphin.jpg', 'Swimming with Dolphins & Benitier Island (Speedboat) All Inclusive', '0');
insert into activity_images ("id", "activity_id", "url", "alt", "position") values ('3192da79-ccb6-4469-81f3-fe425f2272b9', 'f328f009-1ab5-442b-ab0a-90d052ffe3eb', 'https://www.visitemaurice.com/wp-content/uploads/2024/03/IMG-20230725-WA0009.jpg', 'Swimming with Dolphins & Benitier Island (Speedboat) All Inclusive', '1');
insert into activity_images ("id", "activity_id", "url", "alt", "position") values ('2113b0af-29f1-42ae-8a1d-10ba8ac368cb', 'f328f009-1ab5-442b-ab0a-90d052ffe3eb', 'https://dwjkfowhrrvdiqligxcj.supabase.co/storage/v1/object/public/activity-images/swimming-with-dolphins-benitier-island-speedboat-all-inclusive/1783012687651-gu7enq.jpg', NULL, '2');
insert into activity_images ("id", "activity_id", "url", "alt", "position") values ('abbe1b47-ee67-4208-81a8-5bdff1275b63', 'f328f009-1ab5-442b-ab0a-90d052ffe3eb', 'https://dwjkfowhrrvdiqligxcj.supabase.co/storage/v1/object/public/activity-images/swimming-with-dolphins-benitier-island-speedboat-all-inclusive/1783012689313-fkbowy.jpg', NULL, '3');
insert into activity_images ("id", "activity_id", "url", "alt", "position") values ('8b95028e-f157-4c87-b677-2cbe5fe91be2', 'f328f009-1ab5-442b-ab0a-90d052ffe3eb', 'https://www.visitemaurice.com/wp-content/uploads/2024/03/swim-with-dolphins-mauritius.jpg', 'Swimming with Dolphins & Benitier Island (Speedboat) All Inclusive', '4');
insert into activity_images ("id", "activity_id", "url", "alt", "position") values ('cf2e7431-c5fb-4b36-ae4c-20b1177327bf', 'f328f009-1ab5-442b-ab0a-90d052ffe3eb', 'https://www.visitemaurice.com/wp-content/uploads/2024/03/dji_fly_20230813_131353_0_1691918033908_photo_low_quality-1.jpg', 'Swimming with Dolphins & Benitier Island (Speedboat) All Inclusive', '5');
insert into activity_images ("id", "activity_id", "url", "alt", "position") values ('91fea5e3-9c3e-47bb-8c51-9cb6e27b1482', 'fb842149-9737-469b-a116-4b2b25230456', 'https://dwjkfowhrrvdiqligxcj.supabase.co/storage/v1/object/public/activity-images/private-south-east-tour/1782409441509-r51pwq.jpg', NULL, '0');
insert into activity_images ("id", "activity_id", "url", "alt", "position") values ('683f69e9-aa14-467d-abcd-ad71b47ef969', 'fb842149-9737-469b-a116-4b2b25230456', 'https://dwjkfowhrrvdiqligxcj.supabase.co/storage/v1/object/public/activity-images/private-south-east-tour/1782409440589-i0jucz.jpg', NULL, '1');
insert into activity_images ("id", "activity_id", "url", "alt", "position") values ('4e7ad970-46df-4e5e-be3f-bac6e39b3ea2', 'fb842149-9737-469b-a116-4b2b25230456', 'https://dwjkfowhrrvdiqligxcj.supabase.co/storage/v1/object/public/activity-images/private-south-east-tour/1782409438224-blzpt1.jpg', NULL, '2');
insert into activity_images ("id", "activity_id", "url", "alt", "position") values ('2a23bf95-dcf1-4938-b186-995176008083', 'fb842149-9737-469b-a116-4b2b25230456', 'https://dwjkfowhrrvdiqligxcj.supabase.co/storage/v1/object/public/activity-images/private-south-east-tour/1782409439563-t0qe06.jpg', NULL, '3');
insert into activity_images ("id", "activity_id", "url", "alt", "position") values ('424e50d6-8399-4c3c-92c7-9b94508bfd5c', 'fb842149-9737-469b-a116-4b2b25230456', 'https://dwjkfowhrrvdiqligxcj.supabase.co/storage/v1/object/public/activity-images/private-south-east-tour/1782409439975-38l650.jpg', NULL, '4');

-- activity_translations (4 rows)
insert into activity_translations ("id", "activity_id", "locale", "title", "summary", "description", "highlights", "inclusions", "exclusions", "meeting_point", "seo_title", "seo_description") values ('09095a08-b0d8-4d9e-9ac3-393859a2d758', 'a018aae0-dcff-4d87-8744-6d1931288eda', 'en'::content_locale, 'Private Transfer', 'Private fixed-price transfer between any two points in Mauritius — hotels, resorts or towns, door to door.', NULL, '{}'::text[], '{}'::text[], '{}'::text[], NULL, NULL, NULL);
insert into activity_translations ("id", "activity_id", "locale", "title", "summary", "description", "highlights", "inclusions", "exclusions", "meeting_point", "seo_title", "seo_description") values ('c90569fd-efc0-4bf9-b2b3-046bb079b8e1', 'a018aae0-dcff-4d87-8744-6d1931288eda', 'fr'::content_locale, 'Transfert privé', 'Transfert privé à prix fixe entre deux points de l''île Maurice — hôtels, complexes ou villes, de porte à porte.', NULL, '{}'::text[], '{}'::text[], '{}'::text[], NULL, NULL, NULL);
insert into activity_translations ("id", "activity_id", "locale", "title", "summary", "description", "highlights", "inclusions", "exclusions", "meeting_point", "seo_title", "seo_description") values ('d38e6a03-a52d-4646-9d0a-04bf811d38fa', 'a9164fa6-a19b-4789-866f-0f967dcde449', 'en'::content_locale, 'North Tour – Port Louis, Pamplemousses & Cap Malheureux', 'Guided day tour of the north: the capital Port Louis, the Pamplemousses botanical garden and Cap Malheureux.', NULL, '{}'::text[], '{}'::text[], '{}'::text[], NULL, NULL, NULL);
insert into activity_translations ("id", "activity_id", "locale", "title", "summary", "description", "highlights", "inclusions", "exclusions", "meeting_point", "seo_title", "seo_description") values ('ec2c912a-948e-4b5e-88f7-5b4aca0207f4', 'a9164fa6-a19b-4789-866f-0f967dcde449', 'fr'::content_locale, 'Tour du Nord – Port-Louis, Pamplemousses & Cap Malheureux', 'Excursion guidée d''une journée dans le nord : la capitale Port-Louis, le jardin botanique de Pamplemousses et Cap Malheureux.', NULL, '{}'::text[], '{}'::text[], '{}'::text[], NULL, NULL, NULL);

-- sightseeing_pricing (1 rows)
insert into sightseeing_pricing ("id", "per_block_minor", "suv_flat_minor", "updated_at", "sedan_minor", "suv_minor", "family_minor", "van_minor", "coaster_minor") values ('t', '7000', '8500', '2026-07-13 16:37:30.045+00', '9000', '9500', '9500', '15000', '22500');

-- transport_band_pricing (3 rows)
insert into transport_band_pricing ("band", "sedan_minor", "suv_minor", "family_minor", "van_minor", "coaster_minor", "updated_at") values ('far', '5000', '6000', '7000', '11000', '18000', '2026-06-24 16:18:00.851+00');
insert into transport_band_pricing ("band", "sedan_minor", "suv_minor", "family_minor", "van_minor", "coaster_minor", "updated_at") values ('near', '3000', '3800', '4500', '7000', '12000', '2026-06-24 16:18:00.556+00');
insert into transport_band_pricing ("band", "sedan_minor", "suv_minor", "family_minor", "van_minor", "coaster_minor", "updated_at") values ('same', '3000', '2000', '2500', '4000', '7000', '2026-06-24 16:18:00.178+00');

-- region_zone_distance (10 rows)
insert into region_zone_distance ("region_a", "region_b", "band") values ('Central', 'East', 'far');
insert into region_zone_distance ("region_a", "region_b", "band") values ('Central', 'North', 'far');
insert into region_zone_distance ("region_a", "region_b", "band") values ('Central', 'South', 'far');
insert into region_zone_distance ("region_a", "region_b", "band") values ('Central', 'West', 'far');
insert into region_zone_distance ("region_a", "region_b", "band") values ('East', 'North', 'far');
insert into region_zone_distance ("region_a", "region_b", "band") values ('East', 'South', 'far');
insert into region_zone_distance ("region_a", "region_b", "band") values ('East', 'West', 'far');
insert into region_zone_distance ("region_a", "region_b", "band") values ('North', 'South', 'far');
insert into region_zone_distance ("region_a", "region_b", "band") values ('North', 'West', 'far');
insert into region_zone_distance ("region_a", "region_b", "band") values ('South', 'West', 'far');

-- airport_transfer_config (1 rows)
insert into airport_transfer_config ("id", "return_discount_pct", "updated_at") values ('t', '10', '2026-06-22 11:50:11.036981+00');

-- airport_transfer_fare (2 rows)
insert into airport_transfer_fare ("zone", "sedan_minor", "suv_minor", "family_minor", "van_minor", "coaster_minor", "updated_at") values ('zone1', '5500', '7000', '8000', '12000', '20000', '2026-07-13 18:01:11.91668+00');
insert into airport_transfer_fare ("zone", "sedan_minor", "suv_minor", "family_minor", "van_minor", "coaster_minor", "updated_at") values ('zone2', '3500', '4800', '5500', '8500', '14500', '2026-07-13 18:01:11.91668+00');

-- airport_transfer_hotels (49 rows)
insert into airport_transfer_hotels ("slug", "hotel_name", "region", "zone") values ('ambre-mauritius', 'Ambre Mauritius', 'East', 'zone1');
insert into airport_transfer_hotels ("slug", "hotel_name", "region", "zone") values ('anahita-golf-spa', 'Anahita Golf & Spa Resort', 'East', 'zone1');
insert into airport_transfer_hotels ("slug", "hotel_name", "region", "zone") values ('anantara-iko-mauritius', 'Anantara Iko Mauritius Resort', 'South', 'zone2');
insert into airport_transfer_hotels ("slug", "hotel_name", "region", "zone") values ('astroea-beach', 'Astroea Beach', 'South', 'zone2');
insert into airport_transfer_hotels ("slug", "hotel_name", "region", "zone") values ('canonnier-beachcomber', 'Canonnier Beachcomber', 'North', 'zone1');
insert into airport_transfer_hotels ("slug", "hotel_name", "region", "zone") values ('coin-de-mire-attitude', 'Coin de Mire Attitude', 'North', 'zone1');
insert into airport_transfer_hotels ("slug", "hotel_name", "region", "zone") values ('constance-belle-mare-plage', 'Constance Belle Mare Plage', 'East', 'zone1');
insert into airport_transfer_hotels ("slug", "hotel_name", "region", "zone") values ('dinarobin-beachcomber', 'Dinarobin Beachcomber', 'West', 'zone1');
insert into airport_transfer_hotels ("slug", "hotel_name", "region", "zone") values ('emeraude-beach-attitude', 'Émeraude Beach Attitude', 'East', 'zone1');
insert into airport_transfer_hotels ("slug", "hotel_name", "region", "zone") values ('four-seasons-anahita', 'Four Seasons Resort Mauritius at Anahita', 'East', 'zone1');
insert into airport_transfer_hotels ("slug", "hotel_name", "region", "zone") values ('heritage-le-telfair', 'Heritage Le Telfair', 'South', 'zone1');
insert into airport_transfer_hotels ("slug", "hotel_name", "region", "zone") values ('hilton-mauritius', 'Hilton Mauritius Resort & Spa', 'West', 'zone1');
insert into airport_transfer_hotels ("slug", "hotel_name", "region", "zone") values ('holiday-inn-mauritius', 'Holiday Inn Mauritius Mon Trésor', 'South', 'zone2');
insert into airport_transfer_hotels ("slug", "hotel_name", "region", "zone") values ('la-pirogue', 'La Pirogue Mauritius', 'West', 'zone1');
insert into airport_transfer_hotels ("slug", "hotel_name", "region", "zone") values ('lagoon-attitude', 'Lagoon Attitude', 'North', 'zone1');
insert into airport_transfer_hotels ("slug", "hotel_name", "region", "zone") values ('le-meridien-ile-maurice', 'Le Méridien Ile Maurice', 'North', 'zone1');
insert into airport_transfer_hotels ("slug", "hotel_name", "region", "zone") values ('le-peninsula-bay', 'Le Peninsula Bay Beach Resort', 'South', 'zone2');
insert into airport_transfer_hotels ("slug", "hotel_name", "region", "zone") values ('long-beach-mauritius', 'Long Beach Mauritius', 'East', 'zone1');
insert into airport_transfer_hotels ("slug", "hotel_name", "region", "zone") values ('lux-belle-mare', 'LUX* Belle Mare', 'East', 'zone1');
insert into airport_transfer_hotels ("slug", "hotel_name", "region", "zone") values ('lux-grand-gaube', 'LUX* Grand Gaube', 'North', 'zone1');
insert into airport_transfer_hotels ("slug", "hotel_name", "region", "zone") values ('lux-le-morne', 'LUX* Le Morne', 'West', 'zone1');
insert into airport_transfer_hotels ("slug", "hotel_name", "region", "zone") values ('maradiva-villas', 'Maradiva Villas Resort & Spa', 'West', 'zone1');
insert into airport_transfer_hotels ("slug", "hotel_name", "region", "zone") values ('mauricia-beachcomber', 'Mauricia Beachcomber Resort & Spa', 'North', 'zone1');
insert into airport_transfer_hotels ("slug", "hotel_name", "region", "zone") values ('one-only-le-saint-geran', 'One&Only Le Saint Géran', 'East', 'zone1');
insert into airport_transfer_hotels ("slug", "hotel_name", "region", "zone") values ('outrigger-mauritius', 'Outrigger Mauritius Beach Resort', 'South', 'zone1');
insert into airport_transfer_hotels ("slug", "hotel_name", "region", "zone") values ('paradis-beachcomber', 'Paradis Beachcomber', 'West', 'zone1');
insert into airport_transfer_hotels ("slug", "hotel_name", "region", "zone") values ('pearle-beach', 'Pearle Beach Resort & Spa', 'West', 'zone1');
insert into airport_transfer_hotels ("slug", "hotel_name", "region", "zone") values ('preskil-island-resort', 'Preskil Island Resort', 'South', 'zone2');
insert into airport_transfer_hotels ("slug", "hotel_name", "region", "zone") values ('radisson-blu-azuri', 'Radisson Blu Azuri Resort & Spa', 'East', 'zone1');
insert into airport_transfer_hotels ("slug", "hotel_name", "region", "zone") values ('ravenala-attitude', 'The Ravenala Attitude', 'North', 'zone1');
insert into airport_transfer_hotels ("slug", "hotel_name", "region", "zone") values ('recif-attitude', 'Recif Attitude', 'North', 'zone1');
insert into airport_transfer_hotels ("slug", "hotel_name", "region", "zone") values ('riu-le-morne', 'Riu Le Morne', 'West', 'zone1');
insert into airport_transfer_hotels ("slug", "hotel_name", "region", "zone") values ('royal-palm-beachcomber', 'Royal Palm Beachcomber Luxury', 'North', 'zone1');
insert into airport_transfer_hotels ("slug", "hotel_name", "region", "zone") values ('sands-suites', 'Sands Suites Resort & Spa', 'West', 'zone1');
insert into airport_transfer_hotels ("slug", "hotel_name", "region", "zone") values ('shandrani-beachcomber', 'Shandrani Beachcomber Resort & Spa', 'South', 'zone2');
insert into airport_transfer_hotels ("slug", "hotel_name", "region", "zone") values ('shangri-la-le-touessrok', 'Shangri-La Le Touessrok', 'East', 'zone1');
insert into airport_transfer_hotels ("slug", "hotel_name", "region", "zone") values ('sofitel-so-mauritius', 'Sofitel So Mauritius', 'South', 'zone1');
insert into airport_transfer_hotels ("slug", "hotel_name", "region", "zone") values ('solana-beach', 'Solana Beach Mauritius', 'East', 'zone1');
insert into airport_transfer_hotels ("slug", "hotel_name", "region", "zone") values ('st-regis-mauritius', 'The St. Regis Mauritius Resort', 'West', 'zone1');
insert into airport_transfer_hotels ("slug", "hotel_name", "region", "zone") values ('sugar-beach-mauritius', 'Sugar Beach Mauritius', 'West', 'zone1');
insert into airport_transfer_hotels ("slug", "hotel_name", "region", "zone") values ('tamassa-bel-ombre', 'Tamassa Bel Ombre', 'South', 'zone1');
insert into airport_transfer_hotels ("slug", "hotel_name", "region", "zone") values ('the-residence-mauritius', 'The Residence Mauritius', 'East', 'zone1');
insert into airport_transfer_hotels ("slug", "hotel_name", "region", "zone") values ('tropical-attitude', 'Tropical Attitude', 'East', 'zone1');
insert into airport_transfer_hotels ("slug", "hotel_name", "region", "zone") values ('trou-aux-biches-beachcomber', 'Trou aux Biches Beachcomber', 'North', 'zone1');
insert into airport_transfer_hotels ("slug", "hotel_name", "region", "zone") values ('veranda-grand-baie', 'Veranda Grand Baie', 'North', 'zone1');
insert into airport_transfer_hotels ("slug", "hotel_name", "region", "zone") values ('veranda-pointe-aux-biches', 'Veranda Pointe aux Biches', 'North', 'zone1');
insert into airport_transfer_hotels ("slug", "hotel_name", "region", "zone") values ('victoria-beachcomber', 'Victoria Beachcomber', 'North', 'zone1');
insert into airport_transfer_hotels ("slug", "hotel_name", "region", "zone") values ('westin-turtle-bay', 'The Westin Turtle Bay Resort & Spa', 'North', 'zone1');
insert into airport_transfer_hotels ("slug", "hotel_name", "region", "zone") values ('zilwa-attitude', 'Zilwa Attitude', 'North', 'zone1');

-- hotel_transfer_config (1 rows)
insert into hotel_transfer_config ("id", "return_discount_pct", "updated_at") values ('t', '10', '2026-06-24 21:54:32.698594+00');

-- hotel_transfer_fare (3 rows)
insert into hotel_transfer_fare ("band", "sedan_minor", "suv_minor", "family_minor", "van_minor", "coaster_minor", "updated_at") values ('far', '6000', '7500', '8500', '13000', '22000', '2026-06-24 21:54:32.698594+00');
insert into hotel_transfer_fare ("band", "sedan_minor", "suv_minor", "family_minor", "van_minor", "coaster_minor", "updated_at") values ('near', '4000', '5200', '6000', '9500', '16000', '2026-06-24 21:54:32.698594+00');
insert into hotel_transfer_fare ("band", "sedan_minor", "suv_minor", "family_minor", "van_minor", "coaster_minor", "updated_at") values ('same', '2500', '3500', '4000', '6500', '11000', '2026-06-24 21:54:32.698594+00');

-- planner_places (39 rows)
insert into planner_places ("id", "name", "category", "region", "lat", "lng", "duration_min", "closes_at", "blurb", "image_url", "position", "created_at") values ('grand-baie-beach', 'Grand Baie', 'Beach', 'North', '-20.018200', '57.580200', '120', NULL, 'Sheltered bay with an emerald lagoon, powder-white beaches, and the liveliest resort town on the island with vibrant nightlife and water sports.', NULL, '0', '2026-06-17 22:31:27.128993+00');
insert into planner_places ("id", "name", "category", "region", "lat", "lng", "duration_min", "closes_at", "blurb", "image_url", "position", "created_at") values ('pereybere-beach', 'Pereybère Beach', 'Beach', 'North', '-19.999100', '57.588700', '120', NULL, 'Popular family-friendly beach with a protected swimming area, soft sand, and close proximity to Grand Baie''s restaurants and amenities.', NULL, '1', '2026-06-17 22:31:27.128993+00');
insert into planner_places ("id", "name", "category", "region", "lat", "lng", "duration_min", "closes_at", "blurb", "image_url", "position", "created_at") values ('trou-aux-biches-beach', 'Trou aux Biches', 'Beach', 'North', '-20.050000', '57.550000', '150', NULL, 'One of the island''s finest beaches, blending seamlessly with Mont Choisy as the longest and most beautiful stretch of white sand on the north coast.', NULL, '2', '2026-06-17 22:31:27.128993+00');
insert into planner_places ("id", "name", "category", "region", "lat", "lng", "duration_min", "closes_at", "blurb", "image_url", "position", "created_at") values ('cap-malheureux-church', 'Cap Malheureux (Notre Dame Auxiliatrice)', 'Landmark', 'North', '-19.984200', '57.614200', '60', NULL, 'Iconic red-roofed chapel at the northernmost point of Mauritius, overlooking the Indian Ocean and the five northern islets including Coin de Mire.', NULL, '3', '2026-06-17 22:31:27.128993+00');
insert into planner_places ("id", "name", "category", "region", "lat", "lng", "duration_min", "closes_at", "blurb", "image_url", "position", "created_at") values ('pamplemousses-botanical-garden', 'Sir Seewoosagur Ramgoolam Botanical Garden', 'Garden', 'North', '-20.106700', '57.501700', '150', '17:30:00', 'Lush 37-hectare botanical garden featuring giant water lilies, exotic flora, and serene pathways—one of Mauritius'' most visited attractions.', NULL, '4', '2026-06-17 22:31:27.128993+00');
insert into planner_places ("id", "name", "category", "region", "lat", "lng", "duration_min", "closes_at", "blurb", "image_url", "position", "created_at") values ('maheswarnath-temple', 'Maheswarnath Mandir', 'Culture', 'North', '-20.018200', '57.551900', '45', '18:00:00', 'Mauritius'' largest Hindu temple, built in 1888 and dedicated to Lord Shiva, featuring vibrant architecture and spiritual significance.', NULL, '5', '2026-06-17 22:31:27.128993+00');
insert into planner_places ("id", "name", "category", "region", "lat", "lng", "duration_min", "closes_at", "blurb", "image_url", "position", "created_at") values ('coin-de-mire-island', 'Coin de Mire (Gunner''s Quoin)', 'Island', 'North', '-19.939200', '57.613600', '180', NULL, 'Protected uninhabited island 8km north with crystal-clear reef snorkeling, diverse marine life, and a nature reserve with dramatic cliff vistas.', NULL, '6', '2026-06-17 22:31:27.128993+00');
insert into planner_places ("id", "name", "category", "region", "lat", "lng", "duration_min", "closes_at", "blurb", "image_url", "position", "created_at") values ('ilot-gabriel-island', 'Ilot Gabriel', 'Island', 'North', '-19.900000', '57.610000', '300', NULL, 'Pristine 42-hectare protected nature reserve island with unspoiled white-sand beaches, crystal-clear waters, and world-class snorkeling opportunities.', NULL, '7', '2026-06-17 22:31:27.128993+00');
insert into planner_places ("id", "name", "category", "region", "lat", "lng", "duration_min", "closes_at", "blurb", "image_url", "position", "created_at") values ('port-louis-central-market', 'Port Louis Central Market', 'Market', 'North', '-20.162800', '57.500700', '90', '18:00:00', 'Historic Victorian-era market bustling with tropical fruits, fresh seafood, spices, and local crafts—the authentic pulse of Mauritian culture since 1839.', NULL, '8', '2026-06-17 22:31:27.128993+00');
insert into planner_places ("id", "name", "category", "region", "lat", "lng", "duration_min", "closes_at", "blurb", "image_url", "position", "created_at") values ('chamarel-seven-coloured-earth', 'Chamarel Seven Coloured Earth Geopark', 'Nature', 'South', '-20.425100', '57.391700', '120', '17:00:00', 'Geological wonder featuring sand dunes of seven distinct rainbow colors set against tropical forest backdrops, a UNESCO-inspired natural marvel.', NULL, '9', '2026-06-17 22:31:27.128993+00');
insert into planner_places ("id", "name", "category", "region", "lat", "lng", "duration_min", "closes_at", "blurb", "image_url", "position", "created_at") values ('le-morne-brabant', 'Le Morne Brabant', 'Landmark', 'South', '-20.456300', '57.308200', '180', NULL, 'UNESCO World Heritage site with a 556-meter basaltic monolith offering panoramic views and cultural significance as a former refuge for escaped slaves.', NULL, '10', '2026-06-17 22:31:27.128993+00');
insert into planner_places ("id", "name", "category", "region", "lat", "lng", "duration_min", "closes_at", "blurb", "image_url", "position", "created_at") values ('chamarel-waterfall', 'Chamarel Waterfall', 'Waterfall', 'South', '-20.420800', '57.395800', '90', NULL, 'Mauritius'' tallest waterfall at nearly 100 meters, plunging dramatically from forested basalt cliffs into a lush gorge with accessible viewpoint platforms.', NULL, '11', '2026-06-17 22:31:27.128993+00');
insert into planner_places ("id", "name", "category", "region", "lat", "lng", "duration_min", "closes_at", "blurb", "image_url", "position", "created_at") values ('black-river-gorges-viewpoint', 'Black River Gorges Viewpoint', 'Viewpoint', 'South', '-20.381000', '57.407000', '45', NULL, 'Spectacular panoramic vistas across deep valleys and native forests, offering some of Mauritius'' finest views toward the west coast on clear days.', NULL, '12', '2026-06-17 22:31:27.128993+00');
insert into planner_places ("id", "name", "category", "region", "lat", "lng", "duration_min", "closes_at", "blurb", "image_url", "position", "created_at") values ('rochester-falls', 'Rochester Falls', 'Waterfall', 'South', '-20.499200', '57.510000', '60', NULL, 'Unique 10-meter waterfall surrounded by distinctive basalt column formations and lush jungle, creating a cinematic landscape near Souillac.', NULL, '13', '2026-06-17 22:31:27.128993+00');
insert into planner_places ("id", "name", "category", "region", "lat", "lng", "duration_min", "closes_at", "blurb", "image_url", "position", "created_at") values ('ebony-forest-reserve', 'Ebony Forest Reserve', 'Nature', 'South', '-20.413000', '57.396000', '150', '17:00:00', 'Restored endemic forest sanctuary hosting pink pigeons, Mauritius kestrels, and echo parakeets, with guided walks and panoramic forest viewpoints.', NULL, '14', '2026-06-17 22:31:27.128993+00');
insert into planner_places ("id", "name", "category", "region", "lat", "lng", "duration_min", "closes_at", "blurb", "image_url", "position", "created_at") values ('maconde-viewpoint', 'Macondé Viewpoint', 'Viewpoint', 'South', '-20.491000', '57.371000', '30', NULL, 'Clifftop vantage point with dramatic ocean vistas of the Indian Ocean and coastal coves, though strong winds demand careful footing.', NULL, '15', '2026-06-17 22:31:27.128993+00');
insert into planner_places ("id", "name", "category", "region", "lat", "lng", "duration_min", "closes_at", "blurb", "image_url", "position", "created_at") values ('la-vanille-nature-park', 'La Vanille Nature Park', 'Nature', 'South', '-20.498500', '57.562600', '180', '17:00:00', 'Tropical forest reserve home to Nile crocodiles, giant tortoises, lemurs, and exotic wildlife, with guided tours through 3.5 hectares of biodiversity.', NULL, '16', '2026-06-17 22:31:27.128993+00');
insert into planner_places ("id", "name", "category", "region", "lat", "lng", "duration_min", "closes_at", "blurb", "image_url", "position", "created_at") values ('ile-aux-aigrettes', 'Île aux Aigrettes', 'Island', 'South', '-20.417200', '57.726700', '120', '16:00:00', 'Protected coral island reserve off Mahebourg featuring Telfair''s skinks, colorful day geckos, and giant Aldabran tortoises, accessible by guided boat tour.', NULL, '17', '2026-06-17 22:31:27.128993+00');
insert into planner_places ("id", "name", "category", "region", "lat", "lng", "duration_min", "closes_at", "blurb", "image_url", "position", "created_at") values ('belle-mare-beach', 'Belle Mare Beach', 'Beach', 'East', '-20.183000', '57.774000', '120', NULL, 'One of Mauritius''s longest and most tranquil beaches stretching over six kilometers with soft white sand and calm turquoise waters.', NULL, '18', '2026-06-17 22:31:27.128993+00');
insert into planner_places ("id", "name", "category", "region", "lat", "lng", "duration_min", "closes_at", "blurb", "image_url", "position", "created_at") values ('ile-aux-cerfs', 'Île aux Cerfs', 'Island', 'East', '-20.272000', '57.804000', '240', NULL, 'A private island off Trou d''Eau Douce featuring pristine beaches, lagoons, water sports, adventure park, and an 18-hole golf course.', NULL, '19', '2026-06-17 22:31:27.128993+00');
insert into planner_places ("id", "name", "category", "region", "lat", "lng", "duration_min", "closes_at", "blurb", "image_url", "position", "created_at") values ('grand-river-south-east-waterfall', 'Grand River South East Waterfall', 'Waterfall', 'East', '-20.280000', '57.775000', '180', NULL, 'A scenic waterfall where Mauritius''s longest river cascades into the ocean, accessible by a dramatic boat journey through mangrove-lined waters.', NULL, '20', '2026-06-17 22:31:27.128993+00');
insert into planner_places ("id", "name", "category", "region", "lat", "lng", "duration_min", "closes_at", "blurb", "image_url", "position", "created_at") values ('pointe-desny-beach', 'Pointe d''Esny Beach', 'Beach', 'East', '-20.427000', '57.728000', '90', NULL, 'A serene, often-empty white-sand beach on the southeast coast with shallow lagoon waters, ideal for morning walks as the tide recedes.', NULL, '21', '2026-06-17 22:31:27.128993+00');
insert into planner_places ("id", "name", "category", "region", "lat", "lng", "duration_min", "closes_at", "blurb", "image_url", "position", "created_at") values ('bras-deau-national-park', 'Bras d''Eau National Park', 'Nature', 'East', '-20.137000', '57.733000', '180', '16:30:00', 'A northeast coastal national park with mangrove forests, hiking trails, bird-watching opportunities, and scenic viewpoints overlooking the Indian Ocean.', NULL, '22', '2026-06-17 22:31:27.128993+00');
insert into planner_places ("id", "name", "category", "region", "lat", "lng", "duration_min", "closes_at", "blurb", "image_url", "position", "created_at") values ('trou-deau-douce', 'Trou d''Eau Douce', 'Landmark', 'East', '-20.235000', '57.794000', '120', NULL, 'A charming authentic fishing village and departure point for island excursions, offering traditional Mauritian character with direct boat access to Île aux Cerfs.', NULL, '23', '2026-06-17 22:31:27.128993+00');
insert into planner_places ("id", "name", "category", "region", "lat", "lng", "duration_min", "closes_at", "blurb", "image_url", "position", "created_at") values ('central-flacq-market', 'Central Flacq Market', 'Market', 'East', '-20.189000', '57.726000', '90', '17:00:00', 'Mauritius''s largest vibrant open-air market bustling with local vendors selling fresh produce, seafood, textiles, and authentic street food, best visited Wednesdays and Sundays.', NULL, '24', '2026-06-17 22:31:27.128993+00');
insert into planner_places ("id", "name", "category", "region", "lat", "lng", "duration_min", "closes_at", "blurb", "image_url", "position", "created_at") values ('la-vallee-de-ferney', 'La Vallée de Ferney', 'Nature', 'East', '-20.361000', '57.697000', '180', '17:00:00', 'A wildlife reserve and nature sanctuary in the southeast featuring hiking trails, 4x4 tours, bird-watching, and waterfall pools for swimming.', NULL, '25', '2026-06-17 22:31:27.128993+00');
insert into planner_places ("id", "name", "category", "region", "lat", "lng", "duration_min", "closes_at", "blurb", "image_url", "position", "created_at") values ('flic-en-flac-beach', 'Flic-en-Flac Beach', 'Beach', 'West', '-20.266700', '57.366700', '180', NULL, 'One of Mauritius''s longest and most beloved beaches, this 8km stretch of golden sand fringed with filaos trees offers excellent swimming, snorkeling, and water sports in crystal-clear turquoise waters.', NULL, '26', '2026-06-17 22:31:27.128993+00');
insert into planner_places ("id", "name", "category", "region", "lat", "lng", "duration_min", "closes_at", "blurb", "image_url", "position", "created_at") values ('le-morne-beach', 'Le Morne Beach', 'Beach', 'West', '-20.451700', '57.313300', '180', NULL, 'A stunning beach backed by the iconic UNESCO-listed Le Morne mountain, this picturesque spot is perfect for swimming, snorkeling, windsurfing, and kite-surfing with pristine lagoon views.', NULL, '27', '2026-06-17 22:31:27.128993+00');
insert into planner_places ("id", "name", "category", "region", "lat", "lng", "duration_min", "closes_at", "blurb", "image_url", "position", "created_at") values ('casela-nature-parks', 'Casela Nature & Leisure Park', 'Nature', 'West', '-20.290800', '57.404300', '360', '17:00:00', 'A sprawling 350-hectare wildlife park featuring African savannah animals with thrilling activities including safari drives, zip-lining, lion walking, and camel rides.', NULL, '28', '2026-06-17 22:31:27.128993+00');
insert into planner_places ("id", "name", "category", "region", "lat", "lng", "duration_min", "closes_at", "blurb", "image_url", "position", "created_at") values ('black-river-gorges-national-park', 'Black River Gorges National Park', 'Nature', 'West', '-20.416700', '57.416700', '300', NULL, 'Mauritius''s largest national park with over 50km of well-marked hiking trails, waterfalls, lookout points, and preserved forest featuring rare endemic bird species and indigenous plants.', NULL, '29', '2026-06-17 22:31:27.128993+00');
insert into planner_places ("id", "name", "category", "region", "lat", "lng", "duration_min", "closes_at", "blurb", "image_url", "position", "created_at") values ('albion-lighthouse', 'Albion Lighthouse', 'Landmark', 'West', '-20.350000', '57.500000', '60', NULL, 'A striking red-and-white heritage lighthouse built in 1910 standing 46 meters above Pointe-aux-Caves cliffs, offering spectacular views of the west coast and a small museum.', NULL, '30', '2026-06-17 22:31:27.128993+00');
insert into planner_places ("id", "name", "category", "region", "lat", "lng", "duration_min", "closes_at", "blurb", "image_url", "position", "created_at") values ('ile-aux-benitiers', 'Île aux Bénitiers', 'Island', 'West', '-20.416100', '57.337200', '240', NULL, 'An uninhabited islet accessible by boat tour from Black River, perfect for snorkeling at nearby Crystal Rock and experiencing pristine lagoon scenery.', NULL, '31', '2026-06-17 22:31:27.128993+00');
insert into planner_places ("id", "name", "category", "region", "lat", "lng", "duration_min", "closes_at", "blurb", "image_url", "position", "created_at") values ('la-route-du-sel', 'La Route du Sel (Tamarin Salt Flats)', 'Culture', 'West', '-20.325600', '57.370600', '45', '16:00:00', 'An 18th-century salt flats heritage site spanning 20 hectares with over 1,600 basins showing traditional sea salt production, offering guided 15-minute tours of the last working salt farm in Mauritius.', NULL, '32', '2026-06-17 22:31:27.128993+00');
insert into planner_places ("id", "name", "category", "region", "lat", "lng", "duration_min", "closes_at", "blurb", "image_url", "position", "created_at") values ('trou-aux-cerfs', 'Trou aux Cerfs', 'Viewpoint', 'Central', '-20.317900', '57.511500', '30', NULL, 'A dramatic 100-meter-deep volcanic crater surrounded by lush forest offering panoramic views of the central plateau.', NULL, '33', '2026-06-17 22:31:27.128993+00');
insert into planner_places ("id", "name", "category", "region", "lat", "lng", "duration_min", "closes_at", "blurb", "image_url", "position", "created_at") values ('eureka-house', 'Eureka House', 'Culture', 'Central', '-20.219500', '57.502300', '75', '17:00:00', 'A beautifully preserved 1830s colonial mansion museum with period furnishings, gardens, and nearby Eureka Waterfalls.', NULL, '34', '2026-06-17 22:31:27.128993+00');
insert into planner_places ("id", "name", "category", "region", "lat", "lng", "duration_min", "closes_at", "blurb", "image_url", "position", "created_at") values ('curepipe-botanic-garden', 'Curepipe Botanic Garden', 'Garden', 'Central', '-20.329100', '57.524400', '60', '18:00:00', 'A sprawling 27-acre botanical garden featuring rare palms, a scenic lake, and the world''s rarest palm tree.', NULL, '35', '2026-06-17 22:31:27.128993+00');
insert into planner_places ("id", "name", "category", "region", "lat", "lng", "duration_min", "closes_at", "blurb", "image_url", "position", "created_at") values ('tamarind-falls', 'Tamarind Falls', 'Waterfall', 'Central', '-20.344400', '57.466400', '180', NULL, 'A spectacular series of seven cascading waterfalls set in lush mountain scenery requiring a scenic hiking adventure.', NULL, '36', '2026-06-17 22:31:27.128993+00');
insert into planner_places ("id", "name", "category", "region", "lat", "lng", "duration_min", "closes_at", "blurb", "image_url", "position", "created_at") values ('le-pouce-mountain', 'Le Pouce Mountain', 'Viewpoint', 'Central', '-20.216700', '57.483300', '180', NULL, 'The third-highest peak in Mauritius offering panoramic views of Port Louis and surrounding plateau countryside.', NULL, '37', '2026-06-17 22:31:27.128993+00');
insert into planner_places ("id", "name", "category", "region", "lat", "lng", "duration_min", "closes_at", "blurb", "image_url", "position", "created_at") values ('pieter-both-mountain', 'Pieter Both Mountain', 'Viewpoint', 'Central', '-20.250000', '57.520000', '240', NULL, 'Mauritius'' second-highest peak featuring a distinctive balanced rock formation at the summit and challenging scramble.', NULL, '38', '2026-06-17 22:31:27.128993+00');

-- planner_pricing (1 rows)
insert into planner_pricing ("id", "standard_minor", "suv_minor", "six_minor", "van_minor", "coach_minor", "max_party", "updated_at") values ('t', '9500', '10000', '11000', '15000', '25000', '22', '2026-06-17 22:31:27.128993+00');

-- rental_vehicles (6 rows)
insert into rental_vehicles ("slug", "name", "category", "seats", "transmission", "air_con", "image_url", "daily_rate_minor", "deposit_minor", "sort", "active", "updated_at") values ('nissan-march', 'Nissan March', 'economy', '5', 'automatic', 't', NULL, '3600', '0', '10', 't', '2026-06-30 02:05:52.146359+00');
insert into rental_vehicles ("slug", "name", "category", "seats", "transmission", "air_con", "image_url", "daily_rate_minor", "deposit_minor", "sort", "active", "updated_at") values ('nissan-note', 'Nissan Note', 'economy', '5', 'automatic', 't', NULL, '3600', '0', '20', 't', '2026-06-30 02:05:52.146359+00');
insert into rental_vehicles ("slug", "name", "category", "seats", "transmission", "air_con", "image_url", "daily_rate_minor", "deposit_minor", "sort", "active", "updated_at") values ('suzuki-ertiga', 'Suzuki Ertiga', 'family', '7', 'automatic', 't', NULL, '3600', '0', '30', 't', '2026-06-30 02:05:52.146359+00');
insert into rental_vehicles ("slug", "name", "category", "seats", "transmission", "air_con", "image_url", "daily_rate_minor", "deposit_minor", "sort", "active", "updated_at") values ('haojue-vx', 'Haojue VX', 'scooter', '2', 'automatic', 't', NULL, '2000', '0', '40', 't', '2026-06-30 02:05:52.146359+00');
insert into rental_vehicles ("slug", "name", "category", "seats", "transmission", "air_con", "image_url", "daily_rate_minor", "deposit_minor", "sort", "active", "updated_at") values ('sym-crox', 'SYM Crox', 'scooter', '2', 'automatic', 't', NULL, '2000', '0', '50', 't', '2026-06-30 02:05:52.146359+00');
insert into rental_vehicles ("slug", "name", "category", "seats", "transmission", "air_con", "image_url", "daily_rate_minor", "deposit_minor", "sort", "active", "updated_at") values ('suzuki-address', 'Suzuki Address', 'scooter', '2', 'automatic', 't', NULL, '2000', '0', '60', 't', '2026-06-30 02:05:52.146359+00');

-- --- rebuild availability from the catalogue --------------------------------
-- Mirrors materialize_availability({days:185}) with a null activityId (= all
-- published activities). Inlined as a plain INSERT so it runs in the SQL editor,
-- where the function's `is_staff() or service_role` guard would reject us.
insert into session_occurrences (activity_option_id, operator_id, starts_at, ends_at, capacity, status)
select o.id,
       a.operator_id,
       (d::date + time '12:00') at time zone 'Indian/Mauritius',
       ((d::date + time '12:00') at time zone 'Indian/Mauritius')
         + make_interval(mins => coalesce(a.duration_minutes, 240)),
       coalesce(o.daily_capacity, a.daily_capacity),
       'open'
  from activities a
  join activity_options o on o.activity_id = a.id
  cross join generate_series(
        (now() at time zone 'Indian/Mauritius')::date,
        (now() at time zone 'Indian/Mauritius')::date + 185,
        interval '1 day') d
 where a.status = 'published'
   and coalesce(a.daily_capacity, 0) > 0
   and coalesce(o.daily_capacity, a.daily_capacity, 0) > 0
   and (
     exists (select 1 from activity_option_prices pr where pr.activity_option_id = o.id)
     or o.private_base_minor is not null
   )
   and not exists (
     select 1 from session_occurrences x
     where x.activity_option_id = o.id
       and (x.starts_at at time zone 'Indian/Mauritius')::date = d::date
   )
on conflict (activity_option_id, starts_at) do nothing;

commit;

-- --- verify -----------------------------------------------------------------
select 'activities' t, count(*) n from activities
union all select 'activity_options', count(*) from activity_options
union all select 'activity_option_prices', count(*) from activity_option_prices
union all select 'activity_images', count(*) from activity_images
union all select 'categories', count(*) from categories
union all select 'rental_vehicles', count(*) from rental_vehicles
union all select 'airport_transfer_hotels', count(*) from airport_transfer_hotels
union all select 'planner_places', count(*) from planner_places
union all select 'session_occurrences (rebuilt)', count(*) from session_occurrences
order by 1;
